t,temp_c,cpu_pct,freq_mhz,load1,mem_used_mb,mem_avail_mb,throttled,proc_cpu_pct,proc_rss_mb,proc_cpu_time_s
1791002892.8050911,43.5,8.5,2400.0,1.1181640625,2203.5,1841.5,0x0,,,
1791002893.8165705,43.0,7.2,2400.0,1.1181640625,2201.3,1843.7,0x0,,,
1791002894.8263795,43.5,3.3,2400.0,1.1181640625,2200.6,1844.5,0x0,,,
1791002895.838508,42.5,11.3,1500.0,1.1181640625,2198.3,1846.7,0x0,,,
1791002896.8534708,41.9,13.3,1600.0,1.18896484375,2196.4,1848.7,0x0,,,
1791002897.8670204,41.9,10.9,1700.0,1.18896484375,2198.2,1846.8,0x0,,,
1791002898.8802662,41.4,7.8,1700.0,1.18896484375,2190.7,1854.3,0x0,,,
1791002899.8953342,42.5,10.2,1700.0,1.18896484375,2192.7,1852.3,0x0,,,
1791002900.9081907,42.5,9.8,1700.0,1.18896484375,2191.2,1853.9,0x0,,,
1791002901.9212234,42.5,10.6,2400.0,1.09375,2188.5,1856.5,0x0,,,
1791002902.9313655,41.9,9.0,2400.0,1.09375,2189.3,1855.8,0x0,,,
1791002903.9420826,42.5,7.0,2400.0,1.09375,2187.3,1857.8,0x0,,,
1791002904.9542975,42.5,8.2,2400.0,1.09375,2187.1,1858.0,0x0,,,
1791002905.966654,42.5,7.5,2400.0,1.09375,2185.8,1859.2,0x0,,,
1791002906.9763982,43.0,8.2,1600.0,1.005859375,2188.4,1856.6,0x0,,,
1791002907.9899726,42.5,10.6,1600.0,1.005859375,2187.0,1858.0,0x0,,,
1791002909.0034933,41.9,10.9,1700.0,1.005859375,2186.8,1858.3,0x0,,,
1791002910.0167406,41.9,10.1,1600.0,1.005859375,2187.4,1857.7,0x0,,,
1791002911.0305192,42.5,10.4,1600.0,1.005859375,2190.5,1854.5,0x0,,,
1791002912.04469,42.5,7.4,1700.0,1.00537109375,2192.0,1853.1,0x0,,,
1791002913.0575783,41.9,9.2,1700.0,1.00537109375,2188.2,1856.9,0x0,,,
1791002914.0721073,42.5,8.2,1500.0,1.00537109375,2187.5,1857.6,0x0,,,
1791002915.0887904,42.5,8.2,1500.0,1.00537109375,2185.9,1859.2,0x0,,,
1791002916.1041722,42.5,10.4,1600.0,1.00537109375,2183.9,1861.1,0x0,,,
1791002917.1177042,41.9,7.5,1600.0,0.9248046875,2187.4,1857.7,0x0,,,
1791002918.1316855,43.0,9.4,1700.0,0.9248046875,2186.6,1858.4,0x0,,,
1791002919.144425,41.4,9.1,1600.0,0.9248046875,2185.6,1859.4,0x0,,,
1791002920.1580164,41.9,9.0,1700.0,0.9248046875,2190.0,1855.1,0x0,,,
1791002921.171232,40.8,8.0,1700.0,0.9248046875,2190.1,1855.0,0x0,,,
1791002922.1843705,43.0,10.0,1600.0,0.8505859375,2190.1,1855.0,0x0,,,
1791002923.1989222,41.9,9.0,1500.0,0.8505859375,2189.6,1855.4,0x0,,,
1791002924.2180521,41.9,11.9,1700.0,0.8505859375,2191.1,1853.9,0x0,,,
1791002925.2330282,41.9,9.9,1600.0,0.8505859375,2187.4,1857.7,0x0,,,
1791002926.2469387,41.9,9.0,1600.0,0.8505859375,2187.6,1857.5,0x0,,,
1791002927.2603374,42.5,9.0,1500.0,0.86279296875,2186.7,1858.4,0x0,,,
1791002928.2750118,41.9,8.2,1600.0,0.86279296875,2183.5,1861.6,0x0,,,
1791002929.2886426,41.4,10.4,1600.0,0.86279296875,2182.2,1862.8,0x0,,,
1791002930.30223,42.5,8.0,1700.0,0.86279296875,2186.9,1858.2,0x0,,,
1791002931.315236,41.9,9.1,1700.0,0.86279296875,2185.7,1859.3,0x0,,,
1791002932.3295925,41.9,10.0,1700.0,0.8740234375,2185.9,1859.1,0x0,,,
1791002933.3439884,41.9,10.2,1600.0,0.8740234375,2185.2,1859.9,0x0,,,
1791002934.3590233,41.4,10.6,1500.0,0.8740234375,2190.0,1855.1,0x0,,,
1791002935.3808198,41.9,11.1,1600.0,0.8740234375,2190.8,1854.3,0x0,,,
1791002936.3944547,41.4,9.7,1500.0,0.8037109375,2184.7,1860.4,0x0,,,
1791002937.4085958,41.4,9.7,1600.0,0.8037109375,2188.9,1856.1,0x0,,,
1791002938.4221697,41.9,11.5,1600.0,0.8037109375,2190.7,1854.4,0x0,,,
1791002939.4357643,41.9,10.7,1600.0,0.8037109375,2190.9,1854.1,0x0,,,
1791002940.4494302,40.8,8.4,1500.0,0.8037109375,2192.4,1852.6,0x0,,,
1791002941.4637814,41.9,9.3,1700.0,0.7392578125,2195.2,1849.8,0x0,,,
1791002942.4778664,40.8,10.6,1600.0,0.7392578125,2196.1,1848.9,0x0,,,
1791002943.491322,41.9,8.4,1600.0,0.7392578125,2195.7,1849.3,0x0,,,
1791002944.5064805,41.4,7.9,1600.0,0.7392578125,2190.8,1854.3,0x0,,,
1791002945.5274506,41.4,9.2,1600.0,0.7392578125,2191.3,1853.8,0x0,,,
1791002946.5409057,40.2,8.7,1500.0,0.6796875,2188.2,1856.9,0x0,,,
1791002947.5550098,41.9,12.3,1600.0,0.6796875,2189.0,1856.0,0x0,,,
1791002948.5684896,42.5,11.1,1700.0,0.6796875,2189.8,1855.3,0x0,,,
1791002949.5817282,41.9,7.5,1600.0,0.6796875,2188.3,1856.8,0x0,,,
1791002950.598761,41.4,10.1,1800.0,0.6796875,2189.5,1855.6,0x0,,,
1791002951.611076,41.9,8.2,1700.0,0.625,2191.2,1853.8,0x0,,,
1791002952.6260061,41.4,7.7,1600.0,0.625,2186.9,1858.1,0x0,,,
1791002953.6418004,41.4,6.4,1500.0,0.625,2188.2,1856.8,0x0,,,
1791002954.6559832,40.8,9.3,1500.0,0.625,2187.0,1858.0,0x0,,,
1791002955.672475,41.4,7.4,1600.0,0.625,2185.8,1859.2,0x0,,,
1791002956.6862304,41.4,8.2,1600.0,0.8154296875,2188.4,1856.7,0x0,,,
1791002957.8060975,41.4,12.7,2400.0,0.8154296875,2116.4,1928.7,0x0,,,
1791002958.8157523,40.2,1.0,2400.0,0.8154296875,2100.8,1944.3,0x0,,,
1791002959.8293834,43.0,2.5,2400.0,0.8154296875,2099.6,1945.5,0x0,,,
1791002960.843015,42.5,1.2,2400.0,0.8154296875,2097.7,1947.4,0x0,,,
1791002961.8566487,41.9,1.5,2400.0,0.75,2095.9,1949.2,0x0,,,
1791002962.8702872,41.9,2.7,1500.0,0.75,2088.1,1957.0,0x0,,,
1791002963.8882442,40.8,2.2,1500.0,0.75,2086.9,1958.2,0x0,,,
1791002964.9023705,40.2,1.7,1500.0,0.75,2084.5,1960.6,0x0,,,
1791002965.920519,40.8,1.5,1500.0,0.75,2081.6,1963.5,0x0,,,
1791002966.9386513,40.8,2.5,1500.0,0.68994140625,2080.8,1964.3,0x0,,,
1791002967.9566538,41.4,1.7,1500.0,0.68994140625,2079.1,1966.0,0x0,,,
1791002968.9746897,40.8,1.7,1500.0,0.68994140625,2078.1,1967.0,0x0,,,
1791002969.988719,40.8,2.7,1500.0,0.68994140625,2078.0,1967.0,0x0,,,
1791002971.0067317,40.2,1.7,1500.0,0.68994140625,2077.8,1967.2,0x0,,,
1791002972.0246465,40.2,2.2,1500.0,0.63427734375,2076.1,1968.9,0x0,,,
1791002973.0431423,39.1,3.2,1500.0,0.63427734375,2075.6,1969.4,0x0,,,
1791002974.0610294,40.2,2.5,1600.0,0.63427734375,2074.8,1970.2,0x0,,,
1791002975.0756915,39.1,1.7,1500.0,0.63427734375,2073.9,1971.1,0x0,,,
1791002976.0935783,39.1,3.4,1600.0,0.63427734375,2076.5,1968.5,0x0,,,
1791002977.1115382,41.9,2.0,1500.0,0.5830078125,2076.4,1968.7,0x0,,,
1791002978.130877,38.6,3.2,1700.0,0.5830078125,2075.1,1970.0,0x0,,,
1791002979.1476033,40.2,2.2,1500.0,0.5830078125,2076.0,1969.1,0x0,,,
1791002980.1616452,40.8,2.5,1500.0,0.5830078125,2076.0,1969.1,0x0,,,
1791002981.1797235,39.7,2.7,1500.0,0.5830078125,2075.7,1969.4,0x0,,,
1791002982.1978471,40.2,2.9,1500.0,0.5361328125,2075.3,1969.8,0x0,,,
1791002983.2161145,40.2,2.7,1500.0,0.5361328125,2075.1,1970.0,0x0,,,
1791002984.234349,39.7,1.7,1500.0,0.5361328125,2074.6,1970.4,0x0,,,
1791002985.252413,38.6,2.0,1500.0,0.5361328125,2070.9,1974.2,0x0,,,
1791002986.2704003,38.6,1.5,1500.0,0.5361328125,2070.7,1974.4,0x0,,,
1791002987.2886367,38.6,2.2,1500.0,0.65380859375,2070.5,1974.5,0x0,,,
1791002988.306682,40.2,1.5,1500.0,0.65380859375,2070.7,1974.4,0x0,,,
1791002989.320654,39.1,1.7,1500.0,0.65380859375,2070.8,1974.3,0x0,,,
1791002990.4373565,39.7,2.0,1500.0,0.65380859375,2069.9,1975.2,0x0,,,
1791002991.4513667,39.7,2.0,1500.0,0.60107421875,2069.8,1975.3,0x0,,,
1791002992.465305,40.2,3.0,1500.0,0.60107421875,2070.3,1974.7,0x0,,,
1791002993.4832866,39.7,2.2,1500.0,0.60107421875,2070.3,1974.8,0x0,,,
1791002994.5015535,38.6,2.0,1500.0,0.60107421875,2069.8,1975.2,0x0,,,
1791002995.5194895,39.1,1.7,1500.0,0.60107421875,2069.3,1975.7,0x0,,,
1791002996.5375013,39.7,1.5,1600.0,0.552734375,2069.0,1976.0,0x0,,,
1791002997.5552113,40.2,2.2,1600.0,0.552734375,2069.0,1976.0,0x0,,,
1791002998.572513,39.7,2.2,1500.0,0.552734375,2070.8,1974.3,0x0,,,
1791002999.5904553,39.7,1.5,1500.0,0.552734375,2070.9,1974.1,0x0,,,
1791003000.6083605,40.2,1.7,1500.0,0.552734375,2070.9,1974.1,0x0,,,
1791003001.6266005,38.6,1.7,1500.0,0.50830078125,2070.9,1974.2,0x0,,,
1791003002.6406443,40.2,3.0,1800.0,0.50830078125,2074.0,1971.1,0x0,,,
1791003003.6582124,38.0,1.7,1500.0,0.50830078125,2072.7,1972.4,0x0,,,
1791003004.6762614,39.7,1.7,1500.0,0.50830078125,2072.0,1973.1,0x0,,,
1791003005.6943038,40.2,2.2,1500.0,0.50830078125,2072.4,1972.7,0x0,,,
1791003006.7082853,41.9,24.5,2400.0,0.5478515625,2151.9,1893.2,0x0,,,
1791003007.722101,41.4,18.0,2400.0,0.5478515625,2179.1,1865.9,0x0,,,
1791003008.7359948,41.4,9.7,2400.0,0.5478515625,2185.0,1860.1,0x0,,,
1791003009.7525392,41.4,9.0,2400.0,0.5478515625,2184.2,1860.8,0x0,,,
1791003010.7663684,40.8,7.9,2400.0,0.5478515625,2184.4,1860.6,0x0,,,
1791003011.7768757,39.7,6.8,1500.0,0.58447265625,2186.3,1858.8,0x0,,,
1791003012.7916555,40.2,10.3,1700.0,0.58447265625,2187.8,1857.2,0x0,,,
1791003013.8074718,40.2,8.9,1500.0,0.58447265625,2190.5,1854.6,0x0,,,
1791003014.8249624,41.4,6.9,1600.0,0.58447265625,2188.0,1857.0,0x0,,,
1791003015.8388839,39.1,10.4,1500.0,0.58447265625,2184.8,1860.3,0x0,,,
1791003016.85351,40.8,12.5,1600.0,0.8583984375,2185.1,1860.0,0x0,,,
1791003017.867471,41.9,11.7,1700.0,0.8583984375,2189.8,1855.3,0x0,,,
1791003018.8826282,41.9,18.5,1700.0,0.8583984375,2187.2,1857.9,0x0,,,
1791003019.8975217,41.4,19.8,1700.0,0.8583984375,2189.8,1855.3,0x0,,,
1791003020.916191,42.5,18.7,1700.0,0.8583984375,2191.8,1853.3,0x0,,,
1791003021.9367359,41.4,18.4,1800.0,1.1103515625,2195.7,1849.4,0x0,,,
1791003022.951951,43.0,18.5,1800.0,1.1103515625,2194.4,1850.6,0x0,,,
1791003023.9661589,41.9,18.6,1700.0,1.1103515625,2196.2,1848.8,0x0,,,
1791003024.9819782,41.9,17.0,1600.0,1.1103515625,2196.9,1848.2,0x0,,,
1791003025.9969695,41.9,18.6,1700.0,1.1103515625,2192.7,1852.4,0x0,,,
1791003027.0152054,42.5,18.0,1700.0,1.181640625,2191.2,1853.9,0x0,,,
1791003028.033332,41.4,17.7,1700.0,1.181640625,2193.8,1851.2,0x0,,,
1791003029.051394,41.9,19.2,1700.0,1.181640625,2199.9,1845.2,0x0,,,
1791003030.0663414,41.9,19.0,1700.0,1.181640625,2199.1,1846.0,0x0,,,
1791003031.081291,40.8,18.5,1800.0,1.181640625,2196.5,1848.5,0x0,,,
1791003032.102,42.5,17.9,1700.0,1.1669921875,2193.4,1851.7,0x0,,,
1791003033.1206462,42.5,18.3,1700.0,1.1669921875,2194.1,1850.9,0x0,,,
1791003034.1392725,43.5,18.8,1600.0,1.1669921875,2191.5,1853.5,0x0,,,
1791003035.1588697,41.9,17.2,1700.0,1.1669921875,2192.8,1852.2,0x0,,,
1791003036.1802955,41.9,23.6,2400.0,1.1669921875,2266.3,1778.8,0x0,,,
1791003037.1969934,43.0,16.0,2400.0,1.1533203125,2271.2,1773.9,0x0,,,
1791003038.2125723,42.5,17.5,2400.0,1.1533203125,2268.7,1776.3,0x0,,,
1791003039.2227864,41.9,16.8,2400.0,1.1533203125,2266.7,1778.4,0x0,,,
1791003040.2375143,43.0,18.0,2400.0,1.1533203125,2268.4,1776.7,0x0,,,
1791003041.2546208,42.5,19.3,1800.0,1.1533203125,2267.8,1777.3,0x0,,,
1791003042.2736037,43.5,21.3,1700.0,1.140625,2241.2,1803.8,0x0,,,
1791003043.2913506,43.0,21.1,2400.0,1.140625,2243.7,1801.4,0x0,,,
1791003044.305884,42.5,18.1,2400.0,1.140625,2216.3,1828.8,0x0,,,
1791003045.3223355,43.0,18.2,2400.0,1.140625,2215.2,1829.8,0x0,,,
1791003046.338408,41.4,17.0,2400.0,1.140625,2213.3,1831.7,0x0,,,
1791003047.3552728,42.5,18.0,2400.0,1.44970703125,2212.2,1832.8,0x0,,,
1791003048.4675066,42.5,19.3,1700.0,1.44970703125,2210.2,1834.9,0x0,,,
1791003049.482589,43.0,22.9,1800.0,1.44970703125,2209.7,1835.4,0x0,,,
1791003050.496287,42.5,19.2,1700.0,1.44970703125,2207.7,1837.4,0x0,,,
1791003051.5097647,43.0,21.5,1700.0,1.494140625,2204.3,1840.8,0x0,,,
1791003052.5242348,41.9,21.8,1700.0,1.494140625,2205.8,1839.3,0x0,,,
1791003053.5393507,43.0,20.8,1700.0,1.494140625,2200.9,1844.2,0x0,,,
1791003054.553842,43.0,18.7,1700.0,1.494140625,2198.8,1846.3,0x0,,,
1791003055.5684175,41.4,19.7,1700.0,1.494140625,2199.3,1845.7,0x0,,,
1791003056.5839055,42.5,20.4,1700.0,1.4541015625,2197.7,1847.4,0x0,,,
1791003057.600023,43.0,20.4,1700.0,1.4541015625,2199.7,1845.4,0x0,,,
1791003058.6144109,42.5,20.2,1600.0,1.4541015625,2201.1,1843.9,0x0,,,
1791003059.6305616,42.5,21.0,1700.0,1.4541015625,2197.9,1847.2,0x0,,,
1791003060.6451983,42.5,18.9,1700.0,1.4541015625,2196.6,1848.5,0x0,,,
1791003061.660764,42.5,21.7,1700.0,1.41748046875,2194.6,1850.5,0x0,,,
1791003062.6765435,43.0,21.8,1800.0,1.41748046875,2197.0,1848.0,0x0,,,
1791003063.6929448,41.9,21.9,2400.0,1.41748046875,2197.8,1847.3,0x0,,,
1791003064.7048473,41.9,17.6,2400.0,1.41748046875,2198.3,1846.8,0x0,,,
1791003065.7164192,43.0,21.4,2400.0,1.41748046875,2219.3,1825.7,0x0,,,
1791003066.7277372,43.5,15.8,2400.0,1.3837890625,2221.2,1823.9,0x0,,,
1791003067.7427833,43.5,18.2,2400.0,1.3837890625,2218.6,1826.5,0x0,,,
1791003068.7582748,43.0,19.0,1700.0,1.3837890625,2215.6,1829.5,0x0,,,
1791003069.7770376,43.0,19.9,1700.0,1.3837890625,2217.4,1827.7,0x0,,,
1791003070.7955596,43.0,19.8,1700.0,1.3837890625,2221.1,1824.0,0x0,,,
1791003071.8139794,42.5,19.8,1700.0,1.513671875,2220.6,1824.5,0x0,,,
1791003072.8330936,43.0,20.2,1700.0,1.513671875,2220.0,1825.0,0x0,,,
1791003073.8522084,43.0,19.8,1800.0,1.513671875,2206.8,1838.3,0x0,,,
1791003074.8706732,43.0,22.0,1800.0,1.513671875,2208.5,1836.6,0x0,,,
1791003075.8854737,43.0,20.0,1700.0,1.513671875,2206.4,1838.7,0x0,,,
1791003076.9004617,43.0,20.2,1800.0,1.47216796875,2204.0,1841.1,0x0,,,
1791003077.9143016,43.5,20.7,1800.0,1.47216796875,2204.3,1840.8,0x0,,,
1791003078.9287808,43.0,19.5,1700.0,1.47216796875,2201.9,1843.2,0x0,,,
1791003079.9450321,41.9,19.8,1700.0,1.47216796875,2200.4,1844.7,0x0,,,
1791003080.9605672,43.5,20.6,1700.0,1.47216796875,2203.2,1841.8,0x0,,,
1791003081.9751375,43.0,22.5,1700.0,1.43408203125,2206.5,1838.6,0x0,,,
1791003082.9896402,43.5,20.8,1700.0,1.43408203125,2205.1,1840.0,0x0,,,
1791003084.0047288,42.5,22.7,1800.0,1.43408203125,2202.8,1842.2,0x0,,,
1791003085.0185614,44.1,20.8,1800.0,1.43408203125,2196.8,1848.2,0x0,,,
1791003086.0317228,43.0,20.1,1700.0,1.43408203125,2201.1,1844.0,0x0,,,
1791003087.0459514,43.5,20.5,1800.0,1.39892578125,2201.9,1843.2,0x0,,,
1791003088.0601375,42.5,19.7,1800.0,1.39892578125,2199.1,1846.0,0x0,,,
1791003089.0760279,43.0,20.1,1700.0,1.39892578125,2200.1,1844.9,0x0,,,
1791003090.091935,43.0,23.4,1700.0,1.39892578125,2202.7,1842.4,0x0,,,
1791003091.1089997,43.5,20.0,1700.0,1.39892578125,2204.5,1840.5,0x0,,,
1791003092.1237783,42.5,21.1,1800.0,1.447265625,2205.1,1839.9,0x0,,,
1791003093.1375084,41.9,20.4,1700.0,1.447265625,2207.2,1837.8,0x0,,,
1791003094.1518989,43.0,22.6,1700.0,1.447265625,2202.4,1842.7,0x0,,,
1791003095.166968,43.0,18.7,1800.0,1.447265625,2202.8,1842.2,0x0,,,
1791003096.1807957,43.5,19.9,1700.0,1.447265625,2200.6,1844.5,0x0,,,
1791003097.1963682,43.5,21.0,1800.0,1.65185546875,2203.8,1841.2,0x0,,,
1791003098.2117486,43.5,20.0,1700.0,1.65185546875,2204.3,1840.7,0x0,,,
1791003099.2271414,43.0,21.6,1700.0,1.65185546875,2201.0,1844.0,0x0,,,
1791003100.2426069,42.5,19.9,1700.0,1.65185546875,2199.1,1846.0,0x0,,,
1791003101.260097,42.5,18.5,1700.0,1.65185546875,2196.5,1848.6,0x0,,,
1791003102.2753642,42.5,19.3,1700.0,1.599609375,2199.5,1845.6,0x0,,,
1791003103.2900171,43.0,18.9,1700.0,1.599609375,2203.1,1842.0,0x0,,,
1791003104.3045452,42.5,21.8,1700.0,1.599609375,2202.8,1842.2,0x0,,,
1791003105.3184412,42.5,21.2,1700.0,1.599609375,2203.1,1842.0,0x0,,,
1791003106.3320768,43.5,21.2,1700.0,1.599609375,2202.7,1842.3,0x0,,,
1791003107.3478222,42.5,19.7,1800.0,1.55126953125,2200.5,1844.6,0x0,,,
1791003108.3629553,42.5,21.2,1700.0,1.55126953125,2198.0,1847.1,0x0,,,
1791003109.3774912,44.1,18.5,1700.0,1.55126953125,2200.3,1844.7,0x0,,,
1791003110.3922002,42.5,18.2,1700.0,1.55126953125,2197.2,1847.9,0x0,,,
1791003111.4077783,43.5,19.4,1700.0,1.55126953125,2201.2,1843.8,0x0,,,
1791003112.4222965,42.5,21.6,1700.0,1.66748046875,2200.7,1844.4,0x0,,,
1791003113.539675,43.0,23.8,1800.0,1.66748046875,2206.3,1838.7,0x0,,,
1791003114.5578406,43.5,10.9,2400.0,1.66748046875,2215.0,1830.1,0x0,,,
1791003115.5677445,43.0,7.0,2400.0,1.66748046875,2216.1,1829.0,0x0,,,
1791003116.5775728,42.5,6.4,2400.0,1.53369140625,2212.9,1832.1,0x0,,,
1791003117.5880527,43.0,8.5,2400.0,1.53369140625,2211.0,1834.0,0x0,,,
1791003118.5978153,41.9,8.4,2400.0,1.53369140625,2199.7,1845.4,0x0,,,
1791003119.6116831,42.5,9.5,1700.0,1.53369140625,2206.8,1838.3,0x0,,,
1791003120.629686,42.5,9.5,1500.0,1.53369140625,2206.5,1838.5,0x0,,,
1791003121.6476455,41.9,9.0,1700.0,1.41064453125,2204.3,1840.8,0x0,,,
1791003122.660468,42.5,7.0,1600.0,1.41064453125,2198.2,1846.8,0x0,,,
1791003123.6754289,41.4,7.4,1500.0,1.41064453125,2200.0,1845.1,0x0,,,
1791003124.689633,41.9,9.8,1600.0,1.41064453125,2198.0,1847.1,0x0,,,
1791003125.7038064,40.8,10.8,1600.0,1.41064453125,2201.7,1843.4,0x0,,,
1791003126.7174356,41.9,10.4,1600.0,1.29736328125,2202.5,1842.5,0x0,,,
1791003127.7309523,41.9,10.5,1700.0,1.29736328125,2200.9,1844.2,0x0,,,
1791003128.743859,42.5,10.9,1800.0,1.29736328125,2197.0,1848.1,0x0,,,
1791003129.756249,40.2,10.4,1700.0,1.29736328125,2195.9,1849.2,0x0,,,
1791003130.7694032,40.2,7.7,1500.0,1.29736328125,2198.0,1847.1,0x0,,,
1791003131.7836363,41.9,8.4,1500.0,1.193359375,2195.9,1849.1,0x0,,,
1791003132.798703,41.4,6.9,1600.0,1.193359375,2197.9,1847.2,0x0,,,
1791003133.8139405,43.0,11.1,1600.0,1.193359375,2197.1,1848.0,0x0,,,
1791003134.8274858,41.4,14.3,1600.0,1.193359375,2203.0,1842.0,0x0,,,
1791003135.8410313,40.2,9.5,1700.0,1.193359375,2205.7,1839.3,0x0,,,
1791003136.8540392,41.9,10.1,1700.0,1.09765625,2202.5,1842.5,0x0,,,
1791003137.868841,41.9,9.4,1600.0,1.09765625,2201.6,1843.5,0x0,,,
1791003138.8823,41.4,7.7,1600.0,1.09765625,2198.5,1846.5,0x0,,,
1791003139.8959103,41.4,8.3,1700.0,1.09765625,2198.4,1846.7,0x0,,,
1791003140.9087462,41.4,10.4,1600.0,1.09765625,2194.3,1850.8,0x0,,,
1791003141.9240744,41.4,7.7,1500.0,1.08935546875,2197.5,1847.6,0x0,,,
1791003142.939859,41.4,10.5,1600.0,1.08935546875,2194.2,1850.8,0x0,,,
1791003143.9542415,41.4,7.2,1500.0,1.08935546875,2195.2,1849.9,0x0,,,
1791003144.9685404,41.4,9.7,1600.0,1.08935546875,2195.6,1849.4,0x0,,,
1791003145.9820504,41.4,9.3,1700.0,1.08935546875,2192.4,1852.7,0x0,,,
1791003146.9953744,40.2,10.0,1700.0,1.08203125,2195.1,1849.9,0x0,,,
1791003148.012012,41.4,12.9,1700.0,1.08203125,2198.8,1846.3,0x0,,,
1791003149.0249348,40.8,8.5,1600.0,1.08203125,2200.6,1844.5,0x0,,,
1791003150.0388906,41.4,7.0,1700.0,1.08203125,2195.6,1849.5,0x0,,,
1791003151.0524952,41.4,9.5,1800.0,1.08203125,2194.8,1850.2,0x0,,,
1791003152.067375,40.8,9.7,1500.0,1.0751953125,2197.6,1847.5,0x0,,,
1791003153.0844944,40.8,10.2,1500.0,1.0751953125,2201.6,1843.5,0x0,,,
1791003154.0996394,41.4,11.7,1600.0,1.0751953125,2197.7,1847.3,0x0,,,
1791003155.1133156,40.2,9.0,1600.0,1.0751953125,2197.5,1847.6,0x0,,,
1791003156.1268065,40.2,11.0,1700.0,1.0751953125,2200.0,1845.0,0x0,,,
1791003157.139817,40.8,12.3,1700.0,0.98876953125,2194.0,1851.1,0x0,,,
1791003158.1531646,41.4,9.0,1700.0,0.98876953125,2201.0,1844.1,0x0,,,
1791003159.166578,40.8,9.2,1700.0,0.98876953125,2206.8,1838.3,0x0,,,
1791003160.1811702,40.8,7.4,1800.0,0.98876953125,2205.2,1839.8,0x0,,,
1791003161.1949587,40.8,9.6,1700.0,0.98876953125,2201.7,1843.4,0x0,,,
1791003162.2093956,40.8,8.8,1500.0,0.9091796875,2203.3,1841.7,0x0,,,
1791003163.2259357,40.8,8.2,1500.0,0.9091796875,2199.7,1845.4,0x0,,,
1791003164.2402108,41.4,10.2,1700.0,0.9091796875,2204.3,1840.8,0x0,,,
1791003165.2529895,40.2,8.2,1500.0,0.9091796875,2200.0,1845.0,0x0,,,
1791003166.2671618,40.8,8.1,1600.0,0.9091796875,2200.1,1845.0,0x0,,,
1791003167.2847798,39.7,6.5,1500.0,0.91650390625,2200.0,1845.0,0x0,,,
1791003168.3031678,41.4,10.2,1700.0,0.91650390625,2205.0,1840.1,0x0,,,
1791003169.3200288,40.8,8.2,1700.0,0.91650390625,2196.6,1848.5,0x0,,,
1791003170.3371682,40.8,8.2,1600.0,0.91650390625,2198.0,1847.0,0x0,,,
1791003171.3565326,40.8,8.0,1600.0,0.91650390625,2199.7,1845.4,0x0,,,
1791003172.3746107,40.8,9.2,1500.0,0.8427734375,2199.7,1845.3,0x0,,,
1791003173.3909209,40.8,8.1,1500.0,0.8427734375,2202.6,1842.4,0x0,,,
1791003174.406656,41.4,13.1,2400.0,0.8427734375,2205.1,1840.0,0x0,,,
1791003175.420643,41.4,6.5,2400.0,0.8427734375,2207.6,1837.5,0x0,,,
1791003176.4343379,41.9,6.4,2400.0,0.8427734375,2207.7,1837.4,0x0,,,
1791003177.4480844,41.9,6.5,2400.0,0.77490234375,2197.8,1847.2,0x0,,,
1791003178.4619396,43.5,7.7,2400.0,0.77490234375,2199.3,1845.8,0x0,,,
1791003179.4757931,40.8,7.0,1700.0,0.77490234375,2196.6,1848.4,0x0,,,
1791003180.4931316,41.4,8.5,1600.0,0.77490234375,2198.9,1846.1,0x0,,,
1791003181.5113165,40.8,7.0,1700.0,0.77490234375,2195.6,1849.5,0x0,,,
1791003182.5243282,41.4,7.7,1600.0,0.79296875,2194.8,1850.3,0x0,,,
1791003183.5399773,40.2,5.8,1500.0,0.79296875,2194.5,1850.5,0x0,,,
1791003184.5552866,40.8,8.0,1500.0,0.79296875,2192.6,1852.4,0x0,,,
1791003185.5694315,40.8,8.5,1600.0,0.79296875,2193.0,1852.1,0x0,,,
1791003186.5871582,41.4,10.4,1600.0,0.72900390625,2191.1,1853.9,0x0,,,
1791003187.604728,40.8,8.5,1600.0,0.72900390625,2192.3,1852.8,0x0,,,
1791003188.6223521,40.8,8.7,1700.0,0.72900390625,2193.4,1851.6,0x0,,,
1791003189.6406748,40.8,7.9,1600.0,0.72900390625,2192.4,1852.6,0x0,,,
1791003190.6591594,40.8,11.7,1700.0,0.72900390625,2194.0,1851.1,0x0,,,
1791003191.6723456,40.8,9.1,1700.0,0.67041015625,2196.6,1848.4,0x0,,,
1791003192.6851408,40.8,8.9,1600.0,0.67041015625,2195.7,1849.3,0x0,,,
1791003193.7026942,40.8,5.0,1500.0,0.67041015625,2193.6,1851.5,0x0,,,
1791003194.7275596,40.2,9.8,1500.0,0.67041015625,2197.0,1848.1,0x0,,,
1791003195.746603,40.8,8.7,1500.0,0.67041015625,2194.5,1850.6,0x0,,,
1791003196.7648644,39.7,6.2,1500.0,0.77734375,2193.4,1851.7,0x0,,,
1791003197.7829025,40.2,9.5,1600.0,0.77734375,2187.8,1857.3,0x0,,,
1791003198.8007045,39.7,8.7,1800.0,0.77734375,2190.1,1855.0,0x0,,,
1791003199.8180773,40.8,5.5,1600.0,0.77734375,2200.2,1844.8,0x0,,,
1791003200.8359852,40.2,8.0,1700.0,0.77734375,2198.3,1846.8,0x0,,,
1791003201.8534293,39.7,8.2,1700.0,0.87548828125,2196.8,1848.3,0x0,,,
1791003202.8711572,40.2,7.9,1700.0,0.87548828125,2198.7,1846.3,0x0,,,
1791003203.8892255,40.8,8.2,1500.0,0.87548828125,2194.8,1850.3,0x0,,,
1791003204.9099424,40.8,8.9,1500.0,0.87548828125,2191.1,1854.0,0x0,,,
1791003205.9301724,39.7,8.6,1500.0,0.87548828125,2191.9,1853.2,0x0,,,
1791003206.949055,40.8,10.9,1600.0,0.9658203125,2194.6,1850.5,0x0,,,
1791003207.9625497,39.7,9.0,1500.0,0.9658203125,2195.7,1849.3,0x0,,,
1791003208.9767041,39.1,8.2,1600.0,0.9658203125,2196.9,1848.1,0x0,,,
1791003209.9902196,40.8,9.4,1600.0,0.9658203125,2196.2,1848.9,0x0,,,
1791003211.003799,40.8,10.2,1700.0,0.9658203125,2199.1,1845.9,0x0,,,
1791003212.0167184,40.8,9.7,1700.0,0.88818359375,2196.5,1848.6,0x0,,,
1791003213.030895,41.4,10.8,1700.0,0.88818359375,2194.0,1851.1,0x0,,,
1791003214.0444927,40.8,9.7,1500.0,0.88818359375,2190.0,1855.0,0x0,,,
1791003215.0604024,41.4,10.0,1500.0,0.88818359375,2196.5,1848.6,0x0,,,
1791003216.080237,40.2,10.1,1600.0,0.88818359375,2197.1,1848.0,0x0,,,
1791003217.094352,40.2,9.2,1600.0,0.8974609375,2197.4,1847.6,0x0,,,
1791003218.1099443,40.2,8.2,1500.0,0.8974609375,2196.3,1848.8,0x0,,,
1791003219.1248593,40.2,10.0,1600.0,0.8974609375,2196.7,1848.4,0x0,,,
1791003220.1389043,41.9,9.9,1700.0,0.8974609375,2197.8,1847.3,0x0,,,
1791003221.1522074,40.8,8.8,1600.0,0.8974609375,2197.2,1847.8,0x0,,,
1791003222.1664393,40.2,9.3,1700.0,0.8251953125,2192.5,1852.6,0x0,,,
1791003223.1800792,39.7,10.9,1800.0,0.8251953125,2195.2,1849.9,0x0,,,
1791003224.1928,40.2,8.8,1500.0,0.8251953125,2193.2,1851.8,0x0,,,
1791003225.208839,40.2,8.7,1600.0,0.8251953125,2193.8,1851.2,0x0,,,
1791003226.227673,40.2,10.0,1600.0,0.8251953125,2196.4,1848.7,0x0,,,
1791003227.2411084,39.1,9.0,1500.0,0.7587890625,2194.3,1850.7,0x0,,,
1791003228.259211,38.6,8.1,1500.0,0.7587890625,2195.3,1849.8,0x0,,,
1791003229.2733636,40.2,7.8,1600.0,0.7587890625,2195.3,1849.8,0x0,,,
1791003230.2874286,40.8,10.8,1600.0,0.7587890625,2192.8,1852.2,0x0,,,
1791003231.301453,40.2,8.0,1500.0,0.7587890625,2190.9,1854.1,0x0,,,
1791003232.3158684,40.2,7.2,1600.0,0.7783203125,2190.8,1854.3,0x0,,,
1791003233.3300142,40.8,7.7,1700.0,0.7783203125,2195.1,1849.9,0x0,,,
1791003234.3487349,40.8,10.4,1500.0,0.7783203125,2198.7,1846.3,0x0,,,
1791003235.3685977,40.2,10.6,1500.0,0.7783203125,2199.5,1845.5,0x0,,,
1791003236.383873,40.2,8.4,1500.0,0.7783203125,2196.8,1848.3,0x0,,,
1791003237.4029634,40.8,7.7,1600.0,0.7158203125,2194.0,1851.1,0x0,,,
1791003238.4210496,40.8,11.6,1500.0,0.7158203125,2199.9,1845.2,0x0,,,
1791003239.4352787,39.1,8.4,1500.0,0.7158203125,2196.3,1848.8,0x0,,,
1791003240.4493573,40.8,10.1,1600.0,0.7158203125,2195.1,1849.9,0x0,,,
1791003241.4629395,41.9,10.8,1600.0,0.7158203125,2190.5,1854.6,0x0,,,
1791003242.476925,39.1,10.2,1700.0,0.658203125,2193.1,1851.9,0x0,,,
1791003243.4896834,40.8,9.1,1700.0,0.658203125,2194.0,1851.0,0x0,,,
1791003244.5039353,40.8,11.4,1600.0,0.658203125,2196.5,1848.6,0x0,,,
1791003245.533196,40.2,10.0,1500.0,0.658203125,2203.5,1841.6,0x0,,,
1791003246.5485876,40.8,11.5,1600.0,0.658203125,2201.9,1843.1,0x0,,,
1791003247.5662324,38.0,11.0,1500.0,0.92626953125,2201.7,1843.3,0x0,,,
1791003248.580748,40.8,7.2,1600.0,0.92626953125,2202.9,1842.1,0x0,,,
1791003249.595629,40.2,11.9,1600.0,0.92626953125,2205.0,1840.1,0x0,,,
1791003250.609454,40.2,10.9,1600.0,0.92626953125,2202.6,1842.5,0x0,,,
1791003251.6232462,40.8,11.2,1700.0,1.0927734375,2201.3,1843.8,0x0,,,
1791003252.6380699,40.2,8.7,1700.0,1.0927734375,2198.2,1846.8,0x0,,,
1791003253.6512558,40.8,6.7,1700.0,1.0927734375,2200.5,1844.6,0x0,,,
1791003254.6645133,40.2,8.9,1900.0,1.0927734375,2202.3,1842.7,0x0,,,
1791003255.6765392,40.2,8.5,1500.0,1.0927734375,2195.4,1849.7,0x0,,,
1791003256.6908014,38.6,5.8,1500.0,1.0849609375,2195.9,1849.1,0x0,,,
1791003257.7062516,40.2,9.9,1600.0,1.0849609375,2193.2,1851.8,0x0,,,
1791003258.7196388,40.2,9.9,1600.0,1.0849609375,2195.9,1849.1,0x0,,,
1791003259.7331614,39.7,12.5,1700.0,1.0849609375,2198.0,1847.1,0x0,,,
1791003260.7459943,39.1,10.7,1700.0,1.0849609375,2196.5,1848.5,0x0,,,
1791003261.7590992,40.2,11.4,1800.0,0.998046875,2197.5,1847.6,0x0,,,
1791003262.7716038,40.8,10.9,1600.0,0.998046875,2199.6,1845.4,0x0,,,
1791003263.785831,40.2,9.3,1600.0,0.998046875,2198.9,1846.1,0x0,,,
1791003264.7995677,40.2,10.0,1700.0,0.998046875,2204.7,1840.3,0x0,,,
1791003265.8140578,41.4,7.5,1600.0,0.998046875,2205.7,1839.4,0x0,,,
1791003266.8302867,40.8,9.7,1600.0,0.99853515625,2207.1,1838.0,0x0,,,
1791003267.8440263,40.2,10.7,1500.0,0.99853515625,2206.8,1838.3,0x0,,,
1791003268.8582335,40.2,11.0,1500.0,0.99853515625,2205.3,1839.7,0x0,,,
1791003269.8723195,40.8,10.2,1700.0,0.99853515625,2203.2,1841.8,0x0,,,
1791003270.885185,39.1,12.7,1700.0,0.99853515625,2200.8,1844.3,0x0,,,
1791003271.8983874,40.8,10.2,1700.0,0.91845703125,2200.8,1844.3,0x0,,,
1791003272.9112587,40.2,9.1,1700.0,0.91845703125,2201.9,1843.2,0x0,,,
1791003273.9253385,40.8,8.0,1500.0,0.91845703125,2202.2,1842.8,0x0,,,
1791003274.9393928,39.7,9.7,1600.0,0.91845703125,2197.6,1847.5,0x0,,,
1791003275.954508,40.2,10.2,1600.0,0.91845703125,2198.4,1846.6,0x0,,,
1791003276.9712007,40.8,10.4,1600.0,0.8447265625,2199.8,1845.2,0x0,,,
1791003277.9847503,40.8,12.1,1500.0,0.8447265625,2195.5,1849.5,0x0,,,
1791003278.998851,40.2,10.2,1700.0,0.8447265625,2194.6,1850.5,0x0,,,
1791003280.011796,39.1,8.9,1600.0,0.8447265625,2197.7,1847.4,0x0,,,
1791003281.0253532,40.2,10.4,1600.0,0.8447265625,2198.0,1847.1,0x0,,,
1791003282.0389063,40.2,8.7,1700.0,0.77685546875,2196.9,1848.2,0x0,,,
1791003283.0518298,40.8,9.2,1700.0,0.77685546875,2192.8,1852.3,0x0,,,
1791003284.0654886,40.2,8.2,1600.0,0.77685546875,2197.3,1847.8,0x0,,,
1791003285.0799682,39.1,10.6,1500.0,0.77685546875,2198.9,1846.2,0x0,,,
1791003286.096416,40.2,8.9,1500.0,0.77685546875,2198.3,1846.8,0x0,,,
1791003287.1142445,40.8,14.3,2400.0,0.794921875,2201.4,1843.6,0x0,,,
1791003288.1239731,41.4,6.0,2400.0,0.794921875,2200.3,1844.7,0x0,,,
1791003289.133832,40.8,5.5,2400.0,0.794921875,2204.4,1840.7,0x0,,,
1791003290.1449308,41.4,7.0,2400.0,0.794921875,2200.2,1844.9,0x0,,,
1791003291.1547318,40.8,8.8,2400.0,0.794921875,2197.1,1847.9,0x0,,,
1791003292.1645958,40.2,6.0,1600.0,0.73095703125,2198.4,1846.7,0x0,,,
1791003293.178853,41.4,8.0,1700.0,0.73095703125,2200.2,1844.9,0x0,,,
1791003294.1930568,40.2,12.0,2400.0,0.73095703125,2204.2,1840.9,0x0,,,
1791003295.2029524,40.8,6.9,2400.0,0.73095703125,2203.6,1841.4,0x0,,,
1791003296.2192202,41.4,8.0,2400.0,0.73095703125,2203.5,1841.6,0x0,,,
1791003297.2330186,41.9,7.7,2400.0,0.7529296875,2203.9,1841.1,0x0,,,
1791003298.3477569,40.8,8.6,2400.0,0.7529296875,2204.5,1840.5,0x0,,,
1791003299.3595793,40.2,7.0,1500.0,0.7529296875,2204.9,1840.1,0x0,,,
1791003300.3737218,41.9,9.5,1500.0,0.7529296875,2203.7,1841.3,0x0,,,
1791003301.3878462,40.2,9.1,1600.0,0.7529296875,2204.1,1841.0,0x0,,,
1791003302.4013546,40.2,9.3,1700.0,0.85302734375,2201.9,1843.1,0x0,,,
1791003303.414484,41.4,13.3,1700.0,0.85302734375,2210.4,1834.7,0x0,,,
1791003304.433686,41.4,18.7,1800.0,0.85302734375,2213.5,1831.6,0x0,,,
1791003305.4521391,41.4,18.2,1800.0,0.85302734375,2211.6,1833.5,0x0,,,
1791003306.4697514,43.0,17.5,1700.0,0.85302734375,2209.0,1836.0,0x0,,,
1791003307.4894567,41.9,18.5,1600.0,0.9453125,2205.5,1839.5,0x0,,,
1791003308.5056257,40.2,17.8,1700.0,0.9453125,2201.4,1843.6,0x0,,,
1791003309.522351,41.4,17.5,1600.0,0.9453125,2205.1,1839.9,0x0,,,
1791003310.537212,41.4,18.7,1700.0,0.9453125,2205.6,1839.5,0x0,,,
1791003311.550886,41.4,19.4,1700.0,0.9453125,2203.8,1841.2,0x0,,,
1791003312.565206,44.6,21.4,1900.0,1.02978515625,2206.0,1839.1,0x0,,,
1791003313.5822737,41.9,16.4,1800.0,1.02978515625,2205.8,1839.2,0x0,,,
1791003314.6002798,41.4,17.2,1800.0,1.02978515625,2203.8,1841.3,0x0,,,
1791003315.6192822,41.9,17.9,1800.0,1.02978515625,2205.4,1839.6,0x0,,,
1791003316.635503,41.4,18.9,1700.0,1.02978515625,2207.3,1837.8,0x0,,,
1791003317.6493213,42.5,16.6,1800.0,1.18798828125,2210.0,1835.1,0x0,,,
1791003318.6640232,41.9,18.3,1700.0,1.18798828125,2208.2,1836.9,0x0,,,
1791003319.6803865,40.8,17.7,1700.0,1.18798828125,2210.4,1834.6,0x0,,,
1791003320.6946166,41.9,19.3,1800.0,1.18798828125,2208.9,1836.2,0x0,,,
1791003321.7081587,39.7,15.4,1600.0,1.1728515625,2212.1,1832.9,0x0,,,
1791003322.7216468,41.4,13.7,1700.0,1.1728515625,2211.9,1833.1,0x0,,,
1791003323.7356668,41.9,19.8,1800.0,1.1728515625,2213.6,1831.5,0x0,,,
1791003324.7493012,42.5,20.1,1800.0,1.1728515625,2212.7,1832.3,0x0,,,
1791003325.764911,41.4,21.0,1800.0,1.1728515625,2212.0,1833.0,0x0,,,
1791003326.781217,41.9,21.4,1800.0,1.4794921875,2207.0,1838.0,0x0,,,
1791003327.7964194,40.8,20.8,1700.0,1.4794921875,2206.6,1838.5,0x0,,,
1791003328.8113952,41.9,21.3,1700.0,1.4794921875,2205.6,1839.5,0x0,,,
1791003329.8276384,41.9,20.8,1700.0,1.4794921875,2204.4,1840.6,0x0,,,
1791003330.8426714,42.5,17.5,1700.0,1.4794921875,2200.0,1845.0,0x0,,,
1791003331.8585894,42.5,19.9,1700.0,1.6015625,2203.6,1841.5,0x0,,,
1791003332.8730574,41.9,18.2,1700.0,1.6015625,2206.0,1839.0,0x0,,,
1791003333.8869162,41.9,20.0,1700.0,1.6015625,2205.0,1840.1,0x0,,,
1791003334.900648,41.9,19.0,1800.0,1.6015625,2205.4,1839.6,0x0,,,
1791003335.91508,41.9,21.2,1800.0,1.6015625,2203.3,1841.8,0x0,,,
1791003336.9316518,41.9,22.0,1800.0,1.6337890625,2200.8,1844.3,0x0,,,
1791003337.946681,41.4,20.8,1700.0,1.6337890625,2197.9,1847.2,0x0,,,
1791003338.9621024,42.5,19.2,1700.0,1.6337890625,2200.2,1844.9,0x0,,,
1791003339.9780302,41.9,18.6,1700.0,1.6337890625,2201.0,1844.1,0x0,,,
1791003340.9931347,42.5,20.4,1700.0,1.6337890625,2202.4,1842.6,0x0,,,
1791003342.0124526,42.5,20.2,1700.0,1.66357421875,2204.3,1840.8,0x0,,,
1791003343.1298218,42.5,19.0,1700.0,1.66357421875,2200.4,1844.7,0x0,,,
1791003344.2260644,40.8,21.7,1700.0,1.66357421875,2203.2,1841.8,0x0,,,
1791003345.2419763,43.0,21.7,1900.0,1.66357421875,2208.0,1837.0,0x0,,,
1791003346.2566469,42.5,21.5,1700.0,1.66357421875,2210.4,1834.7,0x0,,,
1791003347.270955,41.4,20.5,1800.0,1.6103515625,2207.5,1837.5,0x0,,,
1791003348.2843373,42.5,20.5,1700.0,1.6103515625,2208.2,1836.9,0x0,,,
1791003349.3004591,41.9,18.8,1700.0,1.6103515625,2207.7,1837.4,0x0,,,
1791003350.315781,42.5,19.3,1800.0,1.6103515625,2205.5,1839.6,0x0,,,
1791003351.3298995,43.0,20.3,1700.0,1.6103515625,2203.7,1841.4,0x0,,,
1791003352.3443632,42.5,21.0,1700.0,1.7216796875,2206.1,1838.9,0x0,,,
1791003353.3592021,43.5,22.0,1800.0,1.7216796875,2203.8,1841.3,0x0,,,
1791003354.3729157,43.0,22.9,1700.0,1.7216796875,2201.2,1843.9,0x0,,,
1791003355.3878317,44.1,21.8,1800.0,1.7216796875,2202.7,1842.4,0x0,,,
1791003356.4013762,42.5,19.4,2400.0,1.7216796875,2201.3,1843.8,0x0,,,
1791003357.4157524,42.5,17.8,2400.0,1.82421875,2204.6,1840.5,0x0,,,
1791003358.531128,42.5,17.4,2400.0,1.82421875,2203.7,1841.4,0x0,,,
1791003359.5425122,43.5,18.7,2400.0,1.82421875,2203.9,1841.1,0x0,,,
1791003360.6556728,41.4,18.4,1700.0,1.82421875,2202.3,1842.8,0x0,,,
1791003361.6710474,43.0,20.8,1700.0,1.82421875,2197.4,1847.6,0x0,,,
1791003362.686216,41.9,22.5,1700.0,1.7578125,2196.3,1848.8,0x0,,,
1791003363.7019527,43.0,20.5,1800.0,1.7578125,2198.9,1846.2,0x0,,,
1791003364.716453,43.0,20.4,1700.0,1.7578125,2201.4,1843.6,0x0,,,
1791003365.7306168,43.0,20.7,1700.0,1.7578125,2203.5,1841.5,0x0,,,
1791003366.745636,41.4,18.0,1800.0,1.69677734375,2199.4,1845.6,0x0,,,
1791003367.7601056,43.0,20.2,1700.0,1.69677734375,2200.5,1844.6,0x0,,,
1791003368.7779894,42.5,19.8,1700.0,1.69677734375,2203.1,1842.0,0x0,,,
1791003369.791678,42.5,20.2,1700.0,1.69677734375,2196.6,1848.4,0x0,,,
1791003370.8058264,42.5,21.7,1700.0,1.69677734375,2199.1,1846.0,0x0,,,
1791003371.8207996,42.5,20.6,1700.0,1.96142578125,2196.5,1848.5,0x0,,,
1791003372.8398087,41.9,22.5,1700.0,1.96142578125,2199.0,1846.1,0x0,,,
1791003373.8601139,42.5,20.9,1700.0,1.96142578125,2201.2,1843.9,0x0,,,
1791003374.8791313,43.0,18.7,1800.0,1.96142578125,2199.5,1845.6,0x0,,,
1791003375.8982234,43.5,19.8,1800.0,1.96142578125,2203.1,1841.9,0x0,,,
1791003376.9173627,42.5,19.6,1700.0,1.88427734375,2204.7,1840.4,0x0,,,
1791003377.933012,43.0,20.9,1700.0,1.88427734375,2200.7,1844.4,0x0,,,
1791003378.9474983,42.5,19.8,1800.0,1.88427734375,2199.5,1845.6,0x0,,,
1791003379.9658804,43.0,20.8,1700.0,1.88427734375,2201.5,1843.6,0x0,,,
1791003380.9854662,44.1,20.9,1700.0,1.88427734375,2201.8,1843.2,0x0,,,
1791003382.003083,42.5,21.3,1700.0,1.8935546875,2200.4,1844.7,0x0,,,
1791003383.0221627,43.0,21.2,1700.0,1.8935546875,2198.9,1846.2,0x0,,,
1791003384.0411963,45.2,19.6,1700.0,1.8935546875,2197.8,1847.3,0x0,,,
1791003385.054683,43.5,20.0,1700.0,1.8935546875,2202.4,1842.7,0x0,,,
1791003386.070603,42.5,19.8,1800.0,1.8935546875,2203.5,1841.6,0x0,,,
1791003387.0853462,43.0,19.9,1700.0,1.82177734375,2201.0,1844.0,0x0,,,
1791003388.1007788,42.5,21.2,1800.0,1.82177734375,2204.5,1840.6,0x0,,,
1791003389.1153111,43.0,20.8,1700.0,1.82177734375,2207.5,1837.6,0x0,,,
1791003390.1309488,43.0,20.9,1700.0,1.82177734375,2205.2,1839.8,0x0,,,
1791003391.1498182,42.5,20.6,1700.0,1.82177734375,2207.4,1837.7,0x0,,,
1791003392.1681044,43.0,20.5,1700.0,1.83642578125,2206.6,1838.4,0x0,,,
1791003393.1845758,42.5,22.2,1600.0,1.83642578125,2201.0,1844.1,0x0,,,
1791003394.200394,42.5,20.2,1700.0,1.83642578125,2200.1,1845.0,0x0,,,
1791003395.2199702,43.0,20.6,1700.0,1.83642578125,2200.4,1844.6,0x0,,,
1791003396.2379887,42.5,22.4,1800.0,1.83642578125,2207.7,1837.4,0x0,,,
1791003397.2562149,43.0,21.6,1800.0,1.9296875,2200.4,1844.7,0x0,,,
1791003398.2756867,42.5,21.2,1800.0,1.9296875,2202.7,1842.3,0x0,,,
1791003399.295286,43.0,21.6,1700.0,1.9296875,2200.7,1844.4,0x0,,,
1791003400.3093796,41.4,20.7,1800.0,1.9296875,2201.6,1843.4,0x0,,,
1791003401.3227208,42.5,21.0,1700.0,1.9296875,2206.8,1838.3,0x0,,,
1791003402.338702,41.9,19.7,1700.0,1.85498046875,2206.6,1838.4,0x0,,,
1791003403.3545482,43.0,18.9,1700.0,1.85498046875,2206.9,1838.2,0x0,,,
1791003404.370963,43.0,20.4,1700.0,1.85498046875,2203.7,1841.3,0x0,,,
1791003405.3856382,43.0,21.7,1700.0,1.85498046875,2202.8,1842.2,0x0,,,
1791003406.4000158,43.0,20.3,1700.0,1.85498046875,2201.1,1844.0,0x0,,,
1791003407.4145355,43.5,20.3,1800.0,1.7861328125,2203.7,1841.3,0x0,,,
1791003408.4296124,43.0,21.6,1800.0,1.7861328125,2199.8,1845.3,0x0,,,
1791003409.4427521,41.9,22.0,1800.0,1.7861328125,2199.9,1845.2,0x0,,,
1791003410.4560149,41.4,20.0,1800.0,1.7861328125,2203.1,1842.0,0x0,,,
1791003411.472031,44.1,21.6,1800.0,1.7861328125,2200.6,1844.4,0x0,,,
1791003412.4869728,42.5,21.5,1700.0,1.8837890625,2200.9,1844.2,0x0,,,
1791003413.502042,44.1,28.6,2400.0,1.8837890625,2224.8,1820.2,0x0,,,
1791003414.514578,43.0,20.1,2400.0,1.8837890625,2232.6,1812.5,0x0,,,
1791003415.5264702,42.5,19.3,2400.0,1.8837890625,2237.6,1807.5,0x0,,,
1791003416.5376232,43.0,20.4,2400.0,1.8837890625,2232.4,1812.7,0x0,,,
1791003417.6533139,43.0,19.8,1700.0,2.2138671875,2232.0,1813.1,0x0,,,
1791003418.6686351,43.0,23.7,1800.0,2.2138671875,2230.3,1814.8,0x0,,,
1791003419.6826186,43.0,22.4,1700.0,2.2138671875,2227.7,1817.4,0x0,,,
1791003420.6974878,43.0,21.8,1700.0,2.2138671875,2220.0,1825.0,0x0,,,
1791003421.712625,43.5,23.7,1800.0,2.2138671875,2212.5,1832.5,0x0,,,
1791003422.72636,43.0,23.1,1900.0,2.1162109375,2214.5,1830.6,0x0,,,
1791003423.7411504,43.5,22.9,1700.0,2.1162109375,2210.2,1834.9,0x0,,,
1791003424.7561884,42.5,23.0,1700.0,2.1162109375,2212.4,1832.7,0x0,,,
1791003425.7734919,43.5,22.5,1700.0,2.1162109375,2214.5,1830.6,0x0,,,
1791003426.7893946,43.0,22.6,1600.0,2.18701171875,2216.2,1828.9,0x0,,,
1791003427.806315,43.0,23.2,1700.0,2.18701171875,2215.0,1830.1,0x0,,,
1791003428.8218834,43.0,23.6,1800.0,2.18701171875,2220.0,1825.1,0x0,,,
1791003429.836252,43.5,22.4,1700.0,2.18701171875,2214.4,1830.6,0x0,,,
1791003430.8513618,43.0,21.1,1700.0,2.18701171875,2212.7,1832.4,0x0,,,
1791003431.867086,43.0,23.8,1800.0,2.171875,2211.4,1833.7,0x0,,,
1791003432.8816946,43.0,25.9,2400.0,2.171875,2220.6,1824.5,0x0,,,
1791003433.893886,43.5,20.8,2400.0,2.171875,2221.8,1823.2,0x0,,,
1791003434.9055583,42.5,20.3,2400.0,2.171875,2221.1,1824.0,0x0,,,
1791003435.9211395,44.1,19.0,2400.0,2.171875,2219.1,1825.9,0x0,,,
1791003436.9369907,44.6,20.8,2400.0,2.07763671875,2218.8,1826.3,0x0,,,
1791003437.9493117,43.0,20.5,1700.0,2.07763671875,2214.6,1830.5,0x0,,,
1791003438.9681756,41.9,22.7,1700.0,2.07763671875,2218.2,1826.9,0x0,,,
1791003439.9867926,43.5,23.3,1700.0,2.07763671875,2218.7,1826.4,0x0,,,
1791003441.0034842,43.5,18.9,2400.0,2.07763671875,2219.5,1825.5,0x0,,,
1791003442.015459,43.0,18.9,2400.0,2.15185546875,2215.2,1829.8,0x0,,,
1791003443.1275082,43.5,20.0,2400.0,2.15185546875,2212.4,1832.7,0x0,,,
1791003444.1389215,43.5,19.6,2400.0,2.15185546875,2212.8,1832.2,0x0,,,
1791003445.15251,43.0,22.0,1800.0,2.15185546875,2214.9,1830.1,0x0,,,
1791003446.1716318,43.0,22.1,1800.0,2.15185546875,2213.6,1831.4,0x0,,,
1791003447.1901717,43.5,23.9,1700.0,2.0595703125,2212.6,1832.5,0x0,,,
1791003448.208316,43.0,22.2,1700.0,2.0595703125,2212.9,1832.1,0x0,,,
1791003449.2275686,43.5,24.0,1800.0,2.0595703125,2212.7,1832.4,0x0,,,
1791003450.2451277,43.0,23.1,1800.0,2.0595703125,2214.2,1830.8,0x0,,,
1791003451.3414667,43.0,24.7,1700.0,2.0595703125,2215.2,1829.8,0x0,,,
1791003452.357197,41.9,24.4,1700.0,1.974609375,2212.3,1832.7,0x0,,,
1791003453.37307,42.5,24.6,1700.0,1.974609375,2215.2,1829.9,0x0,,,
1791003454.3877044,41.9,24.8,1700.0,1.974609375,2219.6,1825.5,0x0,,,
1791003455.402627,42.5,23.8,1700.0,1.974609375,2219.9,1825.1,0x0,,,
1791003456.4179857,43.5,24.9,1700.0,1.974609375,2211.5,1833.5,0x0,,,
1791003457.441465,43.5,22.0,2400.0,1.896484375,2209.7,1835.3,0x0,,,
1791003458.4557116,43.5,19.2,2400.0,1.896484375,2211.8,1833.3,0x0,,,
1791003459.4678648,43.5,19.3,2400.0,1.896484375,2217.1,1827.9,0x0,,,
1791003460.4814878,43.0,19.4,2400.0,1.896484375,2218.8,1826.2,0x0,,,
1791003461.498848,44.1,20.1,1700.0,1.896484375,2213.8,1831.3,0x0,,,
1791003462.5182078,43.5,23.3,1700.0,2.06494140625,2213.4,1831.7,0x0,,,
1791003463.5383093,43.0,24.0,1700.0,2.06494140625,2220.1,1824.9,0x0,,,
1791003464.5587595,42.5,23.9,1800.0,2.06494140625,2216.1,1829.0,0x0,,,
1791003465.5761144,43.5,23.7,1700.0,2.06494140625,2219.9,1825.1,0x0,,,
1791003466.5912313,44.1,25.9,1900.0,2.06494140625,2216.7,1828.4,0x0,,,
1791003467.6048815,44.1,24.1,1800.0,2.0595703125,2214.9,1830.2,0x0,,,
1791003468.6194425,43.0,25.3,1800.0,2.0595703125,2226.4,1818.7,0x0,,,
1791003469.6331651,43.0,23.9,1800.0,2.0595703125,2235.5,1809.6,0x0,,,
1791003470.6464367,42.5,22.8,1800.0,2.0595703125,2233.4,1811.6,0x0,,,
1791003471.6613865,43.5,22.7,1700.0,2.0595703125,2225.7,1819.4,0x0,,,
1791003472.6775415,45.2,25.2,2400.0,2.0546875,2226.8,1818.2,0x0,,,
1791003473.6915329,44.1,20.3,2400.0,2.0546875,2228.2,1816.8,0x0,,,
1791003474.7057252,44.1,21.9,2400.0,2.0546875,2228.0,1817.1,0x0,,,
1791003475.7178185,43.5,18.8,2400.0,2.0546875,2218.8,1826.2,0x0,,,
1791003476.7337854,44.1,19.3,2400.0,2.0546875,2219.8,1825.3,0x0,,,
1791003477.7459228,44.1,18.3,1700.0,2.05029296875,2219.8,1825.3,0x0,,,
1791003478.7666037,43.5,23.1,1800.0,2.05029296875,2215.7,1829.4,0x0,,,
1791003479.7851577,44.1,24.1,1800.0,2.05029296875,2217.2,1827.9,0x0,,,
1791003480.8033586,43.5,23.6,1700.0,2.05029296875,2216.4,1828.7,0x0,,,
1791003481.8182802,43.0,22.8,1800.0,2.0458984375,2217.7,1827.3,0x0,,,
1791003482.8329005,43.0,22.9,1700.0,2.0458984375,2215.0,1830.0,0x0,,,
1791003483.8487992,44.6,23.0,1700.0,2.0458984375,2216.2,1828.8,0x0,,,
1791003484.869245,43.0,21.8,1700.0,2.0458984375,2218.0,1827.0,0x0,,,
1791003485.8883955,42.5,24.1,1800.0,2.0458984375,2218.8,1826.3,0x0,,,
1791003486.9070027,43.5,23.7,1900.0,2.12255859375,2214.7,1830.4,0x0,,,
1791003487.924358,45.2,23.8,1700.0,2.12255859375,2213.0,1832.0,0x0,,,
1791003488.9436524,43.0,21.9,1700.0,2.12255859375,2218.2,1826.8,0x0,,,
1791003489.960321,43.5,23.4,1700.0,2.12255859375,2221.4,1823.6,0x0,,,
1791003490.9741952,43.5,15.5,1700.0,2.12255859375,2227.9,1817.2,0x0,,,
1791003491.9883027,43.5,17.1,1800.0,2.27294921875,2224.8,1820.2,0x0,,,
1791003493.002655,42.5,24.5,1800.0,2.27294921875,2233.3,1811.8,0x0,,,
1791003494.0194886,44.1,29.9,2400.0,2.27294921875,2268.0,1777.1,0x0,,,
1791003495.0333004,44.1,21.7,2400.0,2.27294921875,2278.6,1766.5,0x0,,,
1791003496.0465078,43.5,20.7,2400.0,2.27294921875,2273.5,1771.6,0x0,,,
1791003497.0592752,44.1,21.4,2400.0,2.41162109375,2271.2,1773.9,0x0,,,
1791003498.076142,43.5,18.8,2400.0,2.41162109375,2269.9,1775.2,0x0,,,
1791003499.0951371,44.6,18.4,1700.0,2.41162109375,2269.4,1775.6,0x0,,,
1791003500.117758,43.5,23.3,2400.0,2.41162109375,2275.7,1769.4,0x0,,,
1791003501.1365976,44.1,23.8,2400.0,2.41162109375,2285.2,1759.9,0x0,,,
1791003502.1513157,44.6,26.0,2400.0,2.37841796875,2278.4,1766.6,0x0,,,
1791003503.168459,44.1,16.2,2400.0,2.37841796875,2281.8,1763.2,0x0,,,
1791003504.279431,43.5,11.5,2400.0,2.37841796875,2280.4,1764.7,0x0,,,
1791003505.2899897,44.6,11.1,1800.0,2.37841796875,2251.0,1794.1,0x0,,,
1791003506.3032217,41.9,13.3,1700.0,2.37841796875,2223.0,1822.1,0x0,,,
1791003507.3168333,41.4,13.1,1600.0,2.267578125,2222.1,1822.9,0x0,,,
1791003508.336589,42.5,12.9,1600.0,2.267578125,2226.2,1818.9,0x0,,,
1791003509.3562925,42.5,14.4,1600.0,2.267578125,2217.7,1827.4,0x0,,,
1791003510.374177,43.5,14.0,1700.0,2.267578125,2206.2,1838.9,0x0,,,
1791003511.3914027,41.9,12.9,1700.0,2.267578125,2224.7,1820.4,0x0,,,
1791003512.4086576,43.0,12.6,1700.0,2.0859375,2229.4,1815.7,0x0,,,
1791003513.4258645,42.5,14.0,1700.0,2.0859375,2225.9,1819.2,0x0,,,
1791003514.439078,43.0,11.8,1700.0,2.0859375,2220.1,1825.0,0x0,,,
1791003515.4562933,42.5,11.3,1800.0,2.0859375,2211.8,1833.3,0x0,,,
1791003516.4739902,41.9,12.8,1700.0,2.0859375,2211.4,1833.7,0x0,,,
1791003517.4914086,41.4,14.5,1600.0,1.99853515625,2207.5,1837.6,0x0,,,
1791003518.5103624,41.4,14.4,1600.0,1.99853515625,2209.6,1835.5,0x0,,,
1791003519.5305693,41.9,13.2,1600.0,1.99853515625,2208.7,1836.4,0x0,,,
1791003520.5491695,42.5,12.9,1600.0,1.99853515625,2214.0,1831.0,0x0,,,
1791003521.6643703,42.5,29.1,1700.0,1.99853515625,2241.3,1803.7,0x0,,,
1791003522.6803339,43.5,13.0,1600.0,1.91845703125,2231.7,1813.4,0x0,,,
1791003523.694604,42.5,15.0,1600.0,1.91845703125,2231.8,1813.3,0x0,,,
1791003524.7085445,43.0,13.5,1700.0,1.91845703125,2232.4,1812.7,0x0,,,
1791003525.721945,42.5,13.0,1600.0,1.91845703125,2227.0,1818.1,0x0,,,
1791003526.7371173,42.5,11.0,1600.0,1.91845703125,2225.2,1819.9,0x0,,,
1791003527.751936,43.5,14.1,1700.0,1.7646484375,2223.4,1821.6,0x0,,,
1791003528.7652013,42.5,12.8,1700.0,1.7646484375,2220.6,1824.4,0x0,,,
1791003529.7797587,42.5,12.2,1600.0,1.7646484375,2214.2,1830.8,0x0,,,
1791003530.7931306,41.9,12.9,1700.0,1.7646484375,2211.8,1833.2,0x0,,,
1791003531.8064158,42.5,10.6,1600.0,1.7646484375,2208.5,1836.6,0x0,,,
1791003532.8224318,42.5,10.8,1600.0,1.703125,2207.1,1838.0,0x0,,,
1791003533.836294,42.5,11.5,1600.0,1.703125,2207.5,1837.6,0x0,,,
1791003534.9537165,42.5,12.8,1600.0,1.703125,2207.2,1837.9,0x0,,,
1791003535.9716887,40.8,12.1,1600.0,1.703125,2208.0,1837.1,0x0,,,
1791003536.9854016,41.9,10.8,1700.0,1.56640625,2199.9,1845.2,0x0,,,
1791003537.9982831,42.5,13.6,1600.0,1.56640625,2199.5,1845.6,0x0,,,
1791003539.0119007,42.5,11.4,1600.0,1.56640625,2197.7,1847.3,0x0,,,
1791003540.0257843,42.5,11.7,1700.0,1.56640625,2196.3,1848.8,0x0,,,
1791003541.0391645,42.5,12.5,1600.0,1.56640625,2202.7,1842.4,0x0,,,
1791003542.053002,42.5,12.2,1700.0,1.76171875,2202.9,1842.1,0x0,,,
1791003543.0660572,42.5,10.6,1700.0,1.76171875,2201.0,1844.0,0x0,,,
1791003544.0792866,42.5,11.5,1600.0,1.76171875,2202.5,1842.5,0x0,,,
1791003545.093485,41.4,11.6,1600.0,1.76171875,2202.1,1843.0,0x0,,,
1791003546.108117,41.9,11.2,1600.0,1.76171875,2202.2,1842.8,0x0,,,
1791003547.1219234,43.0,13.1,1700.0,1.62060546875,2197.4,1847.7,0x0,,,
1791003548.1362941,41.4,13.3,1600.0,1.62060546875,2195.4,1849.6,0x0,,,
1791003549.1499646,41.9,11.2,1600.0,1.62060546875,2195.4,1849.7,0x0,,,
1791003550.1637666,42.5,11.7,1700.0,1.62060546875,2198.4,1846.6,0x0,,,
1791003551.1774397,41.9,10.1,1700.0,1.62060546875,2196.2,1848.8,0x0,,,
1791003552.1910763,41.9,10.6,1600.0,1.57080078125,2198.7,1846.4,0x0,,,
1791003553.2046819,43.0,10.3,1800.0,1.57080078125,2194.8,1850.3,0x0,,,
1791003554.2175379,40.8,12.9,1600.0,1.57080078125,2193.9,1851.2,0x0,,,
1791003555.2337117,41.4,9.0,1600.0,1.57080078125,2193.1,1852.0,0x0,,,
1791003556.2482524,40.8,11.9,1700.0,1.57080078125,2191.3,1853.8,0x0,,,
1791003557.2626235,41.4,12.5,1600.0,1.44482421875,2177.1,1868.0,0x0,,,
1791003558.276395,41.9,12.7,1600.0,1.44482421875,2180.6,1864.5,0x0,,,
1791003559.2901268,41.4,11.5,1700.0,1.44482421875,2184.3,1860.8,0x0,,,
1791003560.3033307,41.9,10.4,1700.0,1.44482421875,2185.3,1859.8,0x0,,,
1791003561.3163562,41.9,11.0,1700.0,1.44482421875,2181.5,1863.6,0x0,,,
1791003562.3323545,41.4,10.4,1600.0,1.3291015625,2185.8,1859.2,0x0,,,
1791003563.347637,41.9,11.0,1700.0,1.3291015625,2183.0,1862.0,0x0,,,
1791003564.361257,41.9,10.6,1600.0,1.3291015625,2183.0,1862.1,0x0,,,
1791003565.376893,41.9,10.9,1600.0,1.3291015625,2179.7,1865.4,0x0,,,
1791003566.3905885,40.8,11.2,1600.0,1.3291015625,2177.5,1867.5,0x0,,,
1791003567.4045322,40.8,10.4,1700.0,1.38330078125,2176.1,1868.9,0x0,,,
1791003568.4174678,41.4,11.4,1600.0,1.38330078125,2173.1,1872.0,0x0,,,
1791003569.4316003,40.2,11.8,1600.0,1.38330078125,2176.0,1869.1,0x0,,,
1791003570.4455638,41.9,11.9,1700.0,1.38330078125,2177.5,1867.6,0x0,,,
1791003571.4587724,41.4,11.9,1700.0,1.38330078125,2184.5,1860.5,0x0,,,
1791003572.4723024,41.4,6.5,1500.0,1.2724609375,2178.3,1866.7,0x0,,,
1791003573.4857802,39.7,5.7,1500.0,1.2724609375,2180.4,1864.7,0x0,,,
1791003574.4992075,40.2,6.2,1600.0,1.2724609375,2172.2,1872.8,0x0,,,
1791003575.5148704,41.4,7.6,1500.0,1.2724609375,2166.4,1878.7,0x0,,,
1791003576.5294008,40.8,5.7,1500.0,1.2724609375,2164.8,1880.2,0x0,,,
1791003577.5439105,40.8,6.9,1600.0,1.17041015625,2162.1,1883.0,0x0,,,
1791003578.557759,41.4,7.4,1600.0,1.17041015625,2161.4,1883.6,0x0,,,
1791003579.5718358,40.8,6.9,1600.0,1.17041015625,2163.0,1882.0,0x0,,,
1791003580.5511093,40.8,7.2,1700.0,1.17041015625,2166.6,1878.5,0x0,,,
1791003581.5439222,40.2,5.2,1600.0,1.17041015625,2166.3,1878.7,0x0,,,
1791003582.563053,40.8,7.8,1500.0,1.07666015625,2172.7,1872.4,0x0,,,
1791003583.5768769,41.9,10.8,1700.0,1.07666015625,2177.3,1867.8,0x0,,,
1791003584.5901997,41.9,10.2,1700.0,1.07666015625,2178.4,1866.7,0x0,,,
1791003585.6081707,41.4,12.3,1600.0,1.07666015625,2176.7,1868.4,0x0,,,
1791003586.6259027,41.9,11.9,1600.0,1.07666015625,2177.5,1867.6,0x0,,,
1791003587.6438935,41.4,11.4,1700.0,0.990234375,2176.5,1868.6,0x0,,,
1791003588.6610987,41.4,12.8,1600.0,0.990234375,2171.2,1873.8,0x0,,,
1791003589.678886,41.9,10.3,1700.0,0.990234375,2167.8,1877.2,0x0,,,
1791003590.695982,40.8,11.0,1900.0,0.990234375,2168.8,1876.3,0x0,,,
1791003591.7134278,43.0,11.1,1600.0,0.990234375,2170.5,1874.6,0x0,,,
1791003592.7278347,40.2,9.9,1800.0,0.91064453125,2170.9,1874.2,0x0,,,
1791003593.7408698,42.5,11.5,1700.0,0.91064453125,2173.6,1871.5,0x0,,,
1791003594.754374,41.4,11.7,1600.0,0.91064453125,2173.4,1871.6,0x0,,,
1791003595.7712538,40.8,14.3,1700.0,0.91064453125,2170.8,1874.2,0x0,,,
1791003596.7851763,41.4,12.6,1700.0,0.91064453125,2171.3,1873.8,0x0,,,
1791003597.79944,41.4,12.6,1600.0,0.83740234375,2167.2,1877.8,0x0,,,
1791003598.8274662,40.8,9.7,1600.0,0.83740234375,2173.2,1871.9,0x0,,,
1791003599.8449526,40.8,7.2,1700.0,0.83740234375,2175.2,1869.9,0x0,,,
1791003600.8595252,40.2,11.2,1700.0,0.83740234375,2175.9,1869.1,0x0,,,
1791003601.8728733,41.4,10.4,1600.0,0.8505859375,2174.5,1870.6,0x0,,,
1791003602.8868341,41.4,11.6,1700.0,0.8505859375,2174.2,1870.9,0x0,,,
1791003603.9008198,41.4,12.3,1700.0,0.8505859375,2175.5,1869.6,0x0,,,
1791003604.9185166,42.5,11.8,1600.0,0.8505859375,2169.7,1875.3,0x0,,,
1791003605.9373288,41.9,12.0,1600.0,0.8505859375,2171.8,1873.2,0x0,,,
1791003606.9569786,40.2,12.4,1600.0,0.7822265625,2166.2,1878.9,0x0,,,
1791003607.976444,41.4,12.1,1700.0,0.7822265625,2169.8,1875.3,0x0,,,
1791003609.009491,41.4,10.6,2400.0,0.7822265625,2174.9,1870.2,0x0,,,
1791003610.0234308,41.9,7.1,2400.0,0.7822265625,2173.0,1872.0,0x0,,,
1791003611.138997,41.9,6.9,2400.0,0.7822265625,2172.2,1872.8,0x0,,,
1791003612.1491168,43.0,7.8,2400.0,0.7998046875,2172.8,1872.2,0x0,,,
1791003613.1635063,41.9,13.2,1600.0,0.7998046875,2180.2,1864.9,0x0,,,
1791003614.1842513,41.4,15.6,1700.0,0.7998046875,2188.7,1856.3,0x0,,,
1791003615.201358,43.0,13.1,1700.0,0.7998046875,2194.1,1851.0,0x0,,,
1791003616.2210896,41.9,11.6,1700.0,0.7998046875,2187.8,1857.3,0x0,,,
1791003617.2343686,41.4,10.5,1700.0,0.7353515625,2186.4,1858.6,0x0,,,
1791003618.2475045,41.4,12.4,1700.0,0.7353515625,2186.1,1859.0,0x0,,,
1791003619.2609916,41.9,12.2,1600.0,0.7353515625,2184.4,1860.7,0x0,,,
1791003620.2780247,41.4,10.0,1600.0,0.7353515625,2180.2,1864.9,0x0,,,
1791003621.2927175,41.4,11.4,1600.0,0.7353515625,2170.6,1874.5,0x0,,,
1791003622.3071733,40.8,11.5,1600.0,0.67626953125,2169.2,1875.8,0x0,,,
1791003623.320936,41.4,12.1,1600.0,0.67626953125,2173.7,1871.4,0x0,,,
1791003624.3347242,41.4,15.6,1700.0,0.67626953125,2172.2,1872.9,0x0,,,
1791003625.3480034,41.9,11.9,1700.0,0.67626953125,2171.3,1873.8,0x0,,,
1791003626.3611226,41.9,10.9,1700.0,0.67626953125,2170.6,1874.5,0x0,,,
1791003627.3755167,41.9,11.2,1700.0,0.6220703125,2170.1,1875.0,0x0,,,
1791003628.392223,41.4,10.1,1800.0,0.6220703125,2176.8,1868.2,0x0,,,
1791003629.4058862,40.8,6.7,1600.0,0.6220703125,2176.0,1869.1,0x0,,,
1791003630.4207013,41.4,6.2,1500.0,0.6220703125,2175.3,1869.8,0x0,,,
1791003631.435431,41.9,10.9,1600.0,0.6220703125,2177.1,1868.0,0x0,,,
1791003632.449384,41.4,13.2,1600.0,0.57177734375,2176.2,1868.9,0x0,,,
1791003633.4631844,40.2,13.7,1600.0,0.57177734375,2175.7,1869.4,0x0,,,
1791003634.4768462,41.4,12.6,1700.0,0.57177734375,2177.1,1868.0,0x0,,,
1791003635.490145,41.9,13.8,1700.0,0.57177734375,2176.3,1868.8,0x0,,,
1791003636.5032833,41.4,12.2,1800.0,0.57177734375,2164.8,1880.3,0x0,,,
1791003637.5173984,41.4,12.2,1700.0,0.52587890625,2165.7,1879.4,0x0,,,
1791003638.5310075,40.8,11.6,1900.0,0.52587890625,2165.4,1879.6,0x0,,,
1791003639.5430574,42.5,10.2,1600.0,0.52587890625,2166.7,1878.4,0x0,,,
1791003640.5598867,41.4,13.0,1600.0,0.52587890625,2168.5,1876.5,0x0,,,
1791003641.5745292,41.9,13.0,1700.0,0.52587890625,2171.6,1873.5,0x0,,,
1791003642.5879073,41.4,12.6,1700.0,0.4833984375,2173.7,1871.3,0x0,,,
1791003643.6010191,41.4,11.8,1600.0,0.4833984375,2169.3,1875.7,0x0,,,
1791003644.615055,41.9,11.6,1700.0,0.4833984375,2166.9,1878.2,0x0,,,
1791003645.627975,41.9,12.0,1700.0,0.4833984375,2170.4,1874.7,0x0,,,
1791003646.641114,41.4,11.4,1600.0,0.4833984375,2168.9,1876.1,0x0,,,
1791003647.6549833,40.8,13.1,1800.0,0.60498046875,2169.8,1875.3,0x0,,,
1791003648.6689575,41.4,12.2,1700.0,0.60498046875,2168.2,1876.8,0x0,,,
1791003649.6820753,40.8,11.4,1600.0,0.60498046875,2171.8,1873.2,0x0,,,
1791003650.6960402,41.4,12.8,1600.0,0.60498046875,2168.8,1876.2,0x0,,,
1791003651.709642,40.2,11.4,1600.0,0.60498046875,2178.8,1866.3,0x0,,,
1791003652.7230573,40.8,6.9,1600.0,0.63671875,2177.8,1867.2,0x0,,,
1791003653.7365057,40.8,6.5,1600.0,0.63671875,2180.5,1864.6,0x0,,,
1791003654.7500253,39.7,8.6,1700.0,0.63671875,2178.3,1866.8,0x0,,,
1791003655.7632165,40.2,7.7,1600.0,0.63671875,2174.7,1870.3,0x0,,,
1791003656.776673,41.4,7.0,1700.0,0.63671875,2174.1,1871.0,0x0,,,
1791003657.7912636,40.8,7.2,1600.0,0.58544921875,2176.5,1868.5,0x0,,,
1791003658.8322797,40.2,7.7,1500.0,0.58544921875,2179.0,1866.0,0x0,,,
1791003659.8457494,40.2,9.4,1500.0,0.58544921875,2197.7,1847.3,0x0,,,
1791003660.866406,40.2,5.2,1600.0,0.58544921875,2199.6,1845.5,0x0,,,
1791003661.8802047,40.8,10.9,1600.0,0.5380859375,2217.6,1827.4,0x0,,,
1791003662.894075,41.4,12.7,1600.0,0.5380859375,2218.5,1826.6,0x0,,,
1791003663.9083214,41.9,12.7,1600.0,0.5380859375,2215.1,1829.9,0x0,,,
1791003664.9223833,41.4,15.9,2400.0,0.5380859375,2214.5,1830.5,0x0,,,
1791003665.9330647,41.4,10.4,2400.0,0.5380859375,2209.8,1835.3,0x0,,,
1791003666.9429307,41.9,8.0,2400.0,0.5751953125,2210.1,1834.9,0x0,,,
1791003667.9533572,41.9,9.0,2400.0,0.5751953125,2205.4,1839.7,0x0,,,
1791003668.967789,41.4,10.9,2400.0,0.5751953125,2204.8,1840.3,0x0,,,
1791003669.982592,41.9,9.2,1600.0,0.5751953125,2205.1,1840.0,0x0,,,
1791003671.0006266,41.4,11.7,1600.0,0.5751953125,2202.4,1842.7,0x0,,,
1791003672.0188227,41.4,11.4,1600.0,0.76953125,2201.2,1843.8,0x0,,,
1791003673.0367177,41.4,10.7,1600.0,0.76953125,2190.1,1854.9,0x0,,,
1791003674.0550194,40.2,14.1,1700.0,0.76953125,2190.2,1854.8,0x0,,,
1791003675.0733259,41.4,13.4,1700.0,0.76953125,2190.2,1854.9,0x0,,,
1791003676.0912495,41.4,11.7,1700.0,0.76953125,2190.4,1854.7,0x0,,,
1791003677.1052535,41.4,11.4,1700.0,0.70751953125,2191.5,1853.5,0x0,,,
1791003678.1236327,41.4,11.5,1700.0,0.70751953125,2187.2,1857.8,0x0,,,
1791003679.1372244,40.2,11.4,1700.0,0.70751953125,2185.7,1859.3,0x0,,,
1791003680.1506124,40.8,10.3,1600.0,0.70751953125,2185.1,1860.0,0x0,,,
1791003681.1681437,40.8,12.3,1600.0,0.70751953125,2183.8,1861.3,0x0,,,
1791003682.183622,41.4,11.5,1600.0,0.650390625,2186.1,1859.0,0x0,,,
1791003683.1988206,41.4,11.2,1600.0,0.650390625,2181.8,1863.3,0x0,,,
1791003684.2173724,41.9,12.1,1700.0,0.650390625,2182.3,1862.7,0x0,,,
1791003685.2352638,42.5,13.5,1800.0,0.650390625,2185.8,1859.2,0x0,,,
1791003686.251264,41.4,12.2,1600.0,0.650390625,2190.9,1854.2,0x0,,,
1791003687.2654557,40.2,12.2,1700.0,0.59814453125,2184.7,1860.4,0x0,,,
1791003688.2786062,40.8,10.8,1700.0,0.59814453125,2183.2,1861.8,0x0,,,
1791003689.2921312,41.4,11.8,1700.0,0.59814453125,2168.1,1877.0,0x0,,,
1791003690.3052495,41.9,11.9,1600.0,0.59814453125,2172.9,1872.1,0x0,,,
1791003691.323355,41.4,11.9,1600.0,0.59814453125,2171.8,1873.2,0x0,,,
1791003692.3380234,42.5,12.8,1700.0,0.71044921875,2172.5,1872.6,0x0,,,
1791003693.3511212,40.8,12.6,1600.0,0.71044921875,2175.3,1869.7,0x0,,,
1791003694.3652544,40.8,12.1,1600.0,0.71044921875,2180.1,1865.0,0x0,,,
1791003695.37869,40.8,12.2,1700.0,0.71044921875,2181.1,1864.0,0x0,,,
1791003696.392272,39.7,12.0,1700.0,0.71044921875,2181.2,1863.9,0x0,,,
1791003697.4058871,40.8,11.3,1700.0,0.6533203125,2180.5,1864.6,0x0,,,
1791003698.421395,40.8,11.2,1700.0,0.6533203125,2179.9,1865.1,0x0,,,
1791003699.434642,41.4,12.2,1700.0,0.6533203125,2173.7,1871.3,0x0,,,
1791003700.4476385,41.4,11.2,1600.0,0.6533203125,2172.0,1873.0,0x0,,,
1791003701.4647508,41.9,12.5,1600.0,0.6533203125,2169.0,1876.0,0x0,,,
1791003702.4785743,41.9,13.5,1600.0,0.92138671875,2166.5,1878.5,0x0,,,
1791003703.4923515,39.7,12.8,1600.0,0.92138671875,2168.7,1876.4,0x0,,,
1791003704.5063357,40.2,13.9,1700.0,0.92138671875,2173.0,1872.1,0x0,,,
1791003705.5196652,40.8,11.1,1700.0,0.92138671875,2170.7,1874.4,0x0,,,
1791003706.532785,41.4,11.5,1700.0,0.92138671875,2168.9,1876.1,0x0,,,
1791003707.5457125,41.4,11.1,1700.0,1.087890625,2168.5,1876.6,0x0,,,
1791003708.5592508,41.4,12.0,1600.0,1.087890625,2168.5,1876.6,0x0,,,
1791003709.5729947,40.8,12.3,1600.0,1.087890625,2166.9,1878.2,0x0,,,
1791003710.586865,41.4,10.5,1600.0,1.087890625,2167.0,1878.1,0x0,,,
1791003711.6018262,41.4,13.1,1600.0,1.087890625,2168.2,1876.8,0x0,,,
1791003712.6159844,41.4,13.5,1600.0,1.00048828125,2167.6,1877.5,0x0,,,
1791003713.6297,40.8,14.8,1600.0,1.00048828125,2169.5,1875.5,0x0,,,
1791003714.6435168,41.4,14.0,1900.0,1.00048828125,2171.5,1873.5,0x0,,,
1791003715.6554778,39.7,10.2,1700.0,1.00048828125,2170.5,1874.6,0x0,,,
1791003716.6689374,41.4,10.8,1700.0,1.00048828125,2172.9,1872.2,0x0,,,
1791003717.682102,41.4,10.3,1700.0,1.0,2168.3,1876.8,0x0,,,
1791003718.6953812,40.2,11.0,1500.0,1.0,2174.9,1870.2,0x0,,,
1791003719.7097561,40.8,6.9,1500.0,1.0,2178.4,1866.7,0x0,,,
1791003720.7254002,40.8,6.7,1600.0,1.0,2178.0,1867.0,0x0,,,
1791003721.7395566,40.8,7.9,1500.0,1.0,2180.8,1864.3,0x0,,,
1791003722.7533305,40.2,7.1,1600.0,1.0,2177.7,1867.4,0x0,,,
1791003723.7667544,40.2,7.2,1500.0,1.0,2173.9,1871.2,0x0,,,
1791003724.780925,40.8,6.2,1600.0,1.0,2169.3,1875.8,0x0,,,
1791003725.7944221,40.8,5.8,1600.0,1.0,2161.9,1883.2,0x0,,,
1791003726.8080602,39.1,5.5,1700.0,1.0,2161.7,1883.4,0x0,,,
1791003727.8222969,39.7,8.0,1700.0,0.919921875,2173.6,1871.4,0x0,,,
1791003728.8354144,40.8,13.2,1600.0,0.919921875,2173.9,1871.2,0x0,,,
1791003729.8490725,40.8,11.7,1600.0,0.919921875,2173.8,1871.3,0x0,,,
1791003730.867534,41.9,12.3,1600.0,0.919921875,2172.9,1872.2,0x0,,,
1791003731.881888,39.7,11.2,1700.0,0.919921875,2172.1,1873.0,0x0,,,
1791003732.895428,40.8,12.4,1700.0,0.84619140625,2168.2,1876.9,0x0,,,
1791003733.9087803,41.4,13.4,1700.0,0.84619140625,2171.9,1873.1,0x0,,,
1791003734.9236364,42.5,11.6,1600.0,0.84619140625,2170.8,1874.2,0x0,,,
1791003735.9381528,41.9,10.6,1700.0,0.84619140625,2169.8,1875.3,0x0,,,
1791003736.9511223,41.4,11.0,1700.0,0.85888671875,2170.3,1874.7,0x0,,,
1791003737.9654007,41.9,12.2,1700.0,0.85888671875,2171.0,1874.0,0x0,,,
1791003738.9785469,41.4,12.2,1600.0,0.85888671875,2168.8,1876.3,0x0,,,
1791003739.99248,39.7,15.2,1600.0,0.85888671875,2169.3,1875.8,0x0,,,
1791003741.0067165,41.9,11.7,1600.0,0.85888671875,2167.3,1877.8,0x0,,,
1791003742.0206287,41.4,13.0,1600.0,0.7900390625,2164.1,1880.9,0x0,,,
1791003743.0343723,39.7,11.4,1600.0,0.7900390625,2165.1,1880.0,0x0,,,
1791003744.0482173,42.5,11.4,1600.0,0.7900390625,2162.6,1882.5,0x0,,,
1791003745.0620754,39.7,11.8,1700.0,0.7900390625,2164.5,1880.6,0x0,,,
1791003746.075142,41.4,11.7,1700.0,0.7900390625,2166.2,1878.8,0x0,,,
1791003747.088396,40.8,11.2,1600.0,0.80712890625,2164.5,1880.6,0x0,,,
1791003748.1010938,41.4,18.6,1800.0,0.80712890625,2194.1,1851.0,0x0,,,
1791003749.1151712,41.4,12.7,1600.0,0.80712890625,2200.3,1844.8,0x0,,,
1791003750.1323779,41.4,13.7,1600.0,0.80712890625,2207.0,1838.1,0x0,,,
1791003751.1506608,40.8,11.9,1600.0,0.80712890625,2204.2,1840.9,0x0,,,
1791003752.1643968,40.8,12.0,1600.0,0.7421875,2202.6,1842.4,0x0,,,
1791003753.178112,41.4,13.4,1600.0,0.7421875,2192.7,1852.4,0x0,,,
1791003754.1920435,41.9,11.0,1700.0,0.7421875,2189.3,1855.7,0x0,,,
1791003755.205955,41.4,9.8,1700.0,0.7421875,2187.3,1857.7,0x0,,,
1791003756.2189445,41.9,14.4,1700.0,0.7421875,2181.2,1863.8,0x0,,,
1791003757.2318954,41.4,12.8,1700.0,0.76318359375,2183.3,1861.7,0x0,,,
1791003758.2452044,41.9,11.8,1600.0,0.76318359375,2180.1,1865.0,0x0,,,
1791003759.2590256,41.4,11.6,1600.0,0.76318359375,2176.4,1868.6,0x0,,,
1791003760.2756295,41.4,12.2,1600.0,0.76318359375,2177.0,1868.0,0x0,,,
1791003761.289828,41.4,12.2,1600.0,0.76318359375,2177.2,1867.9,0x0,,,
1791003762.3036408,41.4,12.5,1600.0,0.7822265625,2173.0,1872.1,0x0,,,
1791003763.3173637,41.4,11.0,1700.0,0.7822265625,2171.2,1873.9,0x0,,,
1791003764.3305163,41.4,10.6,1700.0,0.7822265625,2171.1,1873.9,0x0,,,
1791003765.3436744,41.4,11.0,1700.0,0.7822265625,2167.5,1877.5,0x0,,,
1791003766.3569334,41.4,11.1,1800.0,0.7822265625,2172.6,1872.5,0x0,,,
1791003767.3700476,41.9,11.7,1700.0,0.71923828125,2169.2,1875.8,0x0,,,
1791003768.3832412,39.7,11.0,1600.0,0.71923828125,2170.1,1874.9,0x0,,,
1791003769.3973343,41.9,11.2,1700.0,0.71923828125,2172.2,1872.8,0x0,,,
1791003770.4118192,40.8,13.0,1600.0,0.71923828125,2172.3,1872.8,0x0,,,
1791003771.4256923,41.4,13.2,1700.0,0.71923828125,2169.2,1875.8,0x0,,,
1791003772.4616048,41.9,12.7,1600.0,0.66162109375,2165.8,1879.2,0x0,,,
1791003773.478041,41.4,13.3,1600.0,0.66162109375,2166.0,1879.0,0x0,,,
1791003774.4921687,40.8,12.4,1600.0,0.66162109375,2163.8,1881.2,0x0,,,
1791003775.5060549,42.5,11.7,1600.0,0.66162109375,2165.7,1879.4,0x0,,,
1791003776.520589,41.4,10.8,1800.0,0.66162109375,2165.3,1879.8,0x0,,,
1791003777.5331066,41.4,9.7,1700.0,0.6083984375,2168.7,1876.4,0x0,,,
1791003778.5463364,41.4,12.3,1600.0,0.6083984375,2163.9,1881.2,0x0,,,
1791003779.5602834,42.5,11.4,1600.0,0.6083984375,2164.3,1880.8,0x0,,,
1791003780.5754685,41.4,11.7,1700.0,0.6083984375,2166.0,1879.1,0x0,,,
1791003781.5890563,41.4,13.2,1700.0,0.6083984375,2163.8,1881.2,0x0,,,
1791003782.601884,40.8,11.5,1700.0,0.64013671875,2161.8,1883.3,0x0,,,
1791003783.6168816,41.4,12.5,1700.0,0.64013671875,2164.4,1880.6,0x0,,,
1791003784.630224,40.8,13.1,1600.0,0.64013671875,2160.5,1884.5,0x0,,,
1791003785.6442926,40.8,10.8,1700.0,0.64013671875,2158.6,1886.5,0x0,,,
1791003786.6575072,41.4,9.6,1700.0,0.64013671875,2162.5,1882.5,0x0,,,
1791003787.67223,41.4,12.0,1700.0,0.66943359375,2166.2,1878.8,0x0,,,
1791003788.6851394,39.7,11.5,1700.0,0.66943359375,2165.5,1879.5,0x0,,,
1791003789.7003536,41.4,12.3,1600.0,0.66943359375,2162.5,1882.6,0x0,,,
1791003790.7171292,40.2,11.9,1600.0,0.66943359375,2161.6,1883.5,0x0,,,
1791003791.7312376,41.4,11.5,1700.0,0.66943359375,2162.7,1882.3,0x0,,,
1791003792.7445257,41.4,11.5,1700.0,0.61572265625,2164.2,1880.8,0x0,,,
1791003793.757531,41.4,13.3,1600.0,0.61572265625,2169.0,1876.0,0x0,,,
1791003794.7713118,39.7,10.6,1700.0,0.61572265625,2170.8,1874.2,0x0,,,
1791003795.784526,40.2,11.8,1700.0,0.61572265625,2168.2,1876.8,0x0,,,
1791003796.800629,41.4,10.8,1700.0,0.61572265625,2168.3,1876.8,0x0,,,
1791003797.8154247,41.4,11.9,1700.0,0.56640625,2160.4,1884.7,0x0,,,
1791003798.828788,40.8,12.4,1700.0,0.56640625,2164.5,1880.5,0x0,,,
1791003799.842081,41.4,11.9,1600.0,0.56640625,2166.3,1878.8,0x0,,,
1791003800.8581085,40.8,8.8,1500.0,0.56640625,2172.1,1872.9,0x0,,,
1791003801.8724139,40.2,7.9,1500.0,0.56640625,2171.1,1873.9,0x0,,,
1791003802.886579,40.2,7.2,1600.0,0.6015625,2168.5,1876.5,0x0,,,
1791003803.900064,39.7,6.2,1500.0,0.6015625,2168.3,1876.8,0x0,,,
1791003804.9143238,39.1,7.5,1700.0,0.6015625,2163.6,1881.4,0x0,,,
1791003805.9272432,40.8,6.7,1700.0,0.6015625,2165.5,1879.5,0x0,,,
1791003806.9399679,40.2,6.0,1600.0,0.6015625,2162.5,1882.6,0x0,,,
1791003807.9535022,40.2,6.5,1500.0,0.6337890625,2157.0,1888.0,0x0,,,
1791003808.966627,41.4,8.1,1700.0,0.6337890625,2157.6,1887.4,0x0,,,
1791003809.979452,39.7,6.0,1500.0,0.6337890625,2159.6,1885.5,0x0,,,
1791003810.9949312,38.6,8.4,1500.0,0.6337890625,2162.2,1882.9,0x0,,,
1791003812.0090778,39.7,9.1,1600.0,0.66357421875,2155.6,1889.4,0x0,,,
1791003813.0229423,40.8,10.0,1700.0,0.66357421875,2169.7,1875.3,0x0,,,
1791003814.0357697,38.6,10.1,1700.0,0.66357421875,2171.2,1873.8,0x0,,,
1791003815.0490332,40.8,11.5,1700.0,0.66357421875,2168.6,1876.5,0x0,,,
1791003816.062232,40.8,10.9,1700.0,0.66357421875,2170.7,1874.3,0x0,,,
1791003817.0756555,41.4,11.4,1700.0,0.6103515625,2168.4,1876.6,0x0,,,
1791003818.0884776,39.1,11.7,1600.0,0.6103515625,2164.2,1880.9,0x0,,,
1791003819.1023088,41.4,11.9,1600.0,0.6103515625,2166.5,1878.6,0x0,,,
1791003820.1174784,40.8,12.7,1600.0,0.6103515625,2169.1,1876.0,0x0,,,
1791003821.1315322,41.4,13.4,1600.0,0.6103515625,2168.2,1876.8,0x0,,,
1791003822.1452909,42.5,12.0,1600.0,0.56103515625,2167.2,1877.9,0x0,,,
1791003823.1590314,41.4,10.3,1700.0,0.56103515625,2165.7,1879.3,0x0,,,
1791003824.171974,41.9,11.8,1600.0,0.56103515625,2166.8,1878.3,0x0,,,
1791003825.1859653,40.8,11.8,1700.0,0.56103515625,2164.1,1881.0,0x0,,,
1791003826.199007,39.7,10.1,1700.0,0.56103515625,2166.7,1878.4,0x0,,,
1791003827.2157607,40.8,11.9,1700.0,0.67626953125,2165.5,1879.5,0x0,,,
1791003828.2288272,41.4,10.3,1500.0,0.67626953125,2169.2,1875.9,0x0,,,
1791003829.2431333,40.8,8.9,1500.0,0.67626953125,2172.1,1873.0,0x0,,,
1791003830.2626526,39.7,6.4,1500.0,0.67626953125,2167.3,1877.8,0x0,,,
1791003831.27731,39.1,7.4,1600.0,0.67626953125,2166.4,1878.7,0x0,,,
1791003832.291154,40.8,7.7,1600.0,0.6220703125,2165.2,1879.9,0x0,,,
1791003833.307139,39.7,7.0,1600.0,0.6220703125,2168.4,1876.7,0x0,,,
1791003834.320812,40.2,6.7,1700.0,0.6220703125,2167.9,1877.1,0x0,,,
1791003835.3343263,40.2,7.9,1600.0,0.6220703125,2169.6,1875.5,0x0,,,
1791003836.3478713,38.6,7.0,1600.0,0.6220703125,2160.7,1884.3,0x0,,,
1791003837.3620899,40.2,8.4,1700.0,0.65234375,2158.6,1886.4,0x0,,,
1791003838.3751383,38.6,9.0,1600.0,0.65234375,2159.1,1886.0,0x0,,,
1791003839.3886938,38.6,7.7,1500.0,0.65234375,2160.7,1884.4,0x0,,,
1791003840.4046955,40.8,7.4,1600.0,0.65234375,2163.6,1881.5,0x0,,,
1791003841.418144,40.8,10.5,1700.0,0.65234375,2184.3,1860.7,0x0,,,
1791003842.4311793,40.2,11.2,1700.0,0.60009765625,2180.2,1864.8,0x0,,,
1791003843.4442308,40.2,9.4,1700.0,0.60009765625,2178.8,1866.3,0x0,,,
1791003844.4570928,40.2,11.5,1700.0,0.60009765625,2175.2,1869.9,0x0,,,
1791003845.470402,39.7,10.3,1700.0,0.60009765625,2177.7,1867.4,0x0,,,
1791003846.4835536,39.1,12.1,1600.0,0.60009765625,2177.3,1867.7,0x0,,,
1791003847.4969354,40.8,13.0,1700.0,0.5517578125,2179.0,1866.1,0x0,,,
1791003848.5105329,41.4,12.1,1700.0,0.5517578125,2175.1,1870.0,0x0,,,
1791003849.5261185,41.4,11.9,1600.0,0.5517578125,2172.4,1872.6,0x0,,,
1791003850.540611,39.7,11.8,1600.0,0.5517578125,2172.7,1872.4,0x0,,,
1791003851.554736,40.2,10.5,1700.0,0.5517578125,2170.8,1874.3,0x0,,,
1791003852.5679529,40.8,11.1,1700.0,0.587890625,2168.0,1877.1,0x0,,,
1791003853.581426,40.8,10.1,1600.0,0.587890625,2170.6,1874.4,0x0,,,
1791003854.5957723,41.4,11.1,1700.0,0.587890625,2172.9,1872.1,0x0,,,
1791003855.6097138,40.8,9.6,1800.0,0.587890625,2170.3,1874.7,0x0,,,
1791003856.6231263,40.8,11.4,1600.0,0.587890625,2167.9,1877.2,0x0,,,
1791003857.6370764,41.4,12.3,1600.0,0.54052734375,2169.7,1875.4,0x0,,,
1791003858.6508195,42.5,12.8,1600.0,0.54052734375,2166.2,1878.9,0x0,,,
1791003859.6659377,40.8,16.5,1600.0,0.54052734375,2171.0,1874.0,0x0,,,
1791003860.6801805,39.7,12.1,1600.0,0.54052734375,2171.0,1874.0,0x0,,,
1791003861.712846,40.8,10.8,2400.0,0.54052734375,2172.7,1872.4,0x0,,,
1791003862.7227547,41.4,8.4,2400.0,0.4970703125,2172.7,1872.3,0x0,,,
1791003863.7330153,41.4,10.2,2400.0,0.4970703125,2171.6,1873.4,0x0,,,
1791003864.7434266,41.9,8.4,2400.0,0.4970703125,2171.1,1873.9,0x0,,,
1791003865.7540567,40.8,9.8,2400.0,0.4970703125,2170.0,1875.1,0x0,,,
1791003866.768039,41.4,11.2,1700.0,0.4970703125,2170.3,1874.7,0x0,,,
1791003867.7814941,40.8,12.2,1700.0,0.53759765625,2168.8,1876.3,0x0,,,
1791003868.7948983,41.4,10.8,1600.0,0.53759765625,2173.9,1871.1,0x0,,,
1791003869.8096168,40.8,12.4,1600.0,0.53759765625,2175.1,1870.0,0x0,,,
1791003870.8236024,40.8,14.5,1900.0,0.53759765625,2172.7,1872.4,0x0,,,
1791003871.835721,41.9,12.6,1600.0,0.53759765625,2171.3,1873.8,0x0,,,
1791003872.849656,40.8,11.7,1600.0,0.57470703125,2173.9,1871.1,0x0,,,
1791003873.8639047,41.4,12.3,1700.0,0.57470703125,2175.0,1870.1,0x0,,,
1791003874.877087,40.8,10.0,1700.0,0.57470703125,2177.7,1867.4,0x0,,,
1791003875.8899283,41.4,6.9,1700.0,0.57470703125,2172.2,1872.8,0x0,,,
1791003876.9027998,40.8,8.0,1600.0,0.57470703125,2169.5,1875.6,0x0,,,
1791003877.9163995,40.8,7.2,1600.0,0.5283203125,2169.5,1875.6,0x0,,,
1791003878.9301107,39.7,8.7,1500.0,0.5283203125,2168.2,1876.9,0x0,,,
1791003879.9468856,39.1,8.1,1600.0,0.5283203125,2167.0,1878.1,0x0,,,
1791003880.9603164,40.2,9.3,1900.0,0.5283203125,2169.0,1876.0,0x0,,,
1791003881.976541,40.8,8.4,1500.0,0.5283203125,2170.9,1874.2,0x0,,,
1791003882.9906368,40.2,7.6,1600.0,0.48583984375,2167.6,1877.5,0x0,,,
1791003884.0042405,40.2,7.6,1600.0,0.48583984375,2169.4,1875.7,0x0,,,
1791003885.0177166,39.7,8.4,1600.0,0.48583984375,2167.1,1877.9,0x0,,,
1791003886.0320036,40.2,7.5,1700.0,0.48583984375,2166.4,1878.6,0x0,,,
1791003887.0456455,39.7,7.2,1700.0,0.607421875,2162.1,1883.0,0x0,,,
1791003888.0588949,40.8,8.4,1500.0,0.607421875,2165.4,1879.6,0x0,,,
1791003889.0748963,39.7,7.4,1600.0,0.607421875,2164.0,1881.1,0x0,,,
1791003890.0890381,39.7,7.4,1500.0,0.607421875,2160.1,1884.9,0x0,,,
1791003891.103271,39.7,9.6,1600.0,0.607421875,2162.4,1882.6,0x0,,,
1791003892.1168616,39.7,7.3,1600.0,0.71923828125,2159.3,1885.8,0x0,,,
1791003893.1311834,41.4,14.6,2400.0,0.71923828125,2175.9,1869.2,0x0,,,
1791003894.141698,41.9,6.9,2400.0,0.71923828125,2180.9,1864.2,0x0,,,
1791003895.1518703,40.8,5.0,2400.0,0.71923828125,2171.4,1873.6,0x0,,,
1791003896.1626816,40.2,5.8,2400.0,0.71923828125,2169.1,1876.0,0x0,,,
1791003897.1741815,40.8,4.8,2400.0,0.7421875,2173.4,1871.6,0x0,,,
1791003898.1847403,40.2,6.7,1600.0,0.7421875,2172.9,1872.2,0x0,,,
1791003899.1776047,40.2,8.7,1600.0,0.7421875,2171.5,1873.5,0x0,,,
1791003900.1912582,40.2,8.6,1600.0,0.7421875,2173.3,1871.7,0x0,,,
1791003901.2048938,41.4,14.0,1600.0,0.7421875,2180.8,1864.2,0x0,,,
1791003902.2191,40.8,12.6,1700.0,0.6826171875,2189.8,1855.3,0x0,,,
1791003903.2325828,40.8,11.7,1700.0,0.6826171875,2191.3,1853.8,0x0,,,
1791003904.2463074,40.8,13.0,1600.0,0.6826171875,2190.3,1854.8,0x0,,,
1791003905.2605023,40.2,12.6,1800.0,0.6826171875,2186.4,1858.7,0x0,,,
1791003906.2735345,40.8,12.8,1700.0,0.6826171875,2184.4,1860.6,0x0,,,
1791003907.2871578,40.8,14.1,1600.0,0.6279296875,2182.3,1862.7,0x0,,,
1791003908.3041227,40.8,14.4,1700.0,0.6279296875,2180.1,1864.9,0x0,,,
1791003909.3185318,40.8,15.1,1600.0,0.6279296875,2177.6,1867.5,0x0,,,
1791003910.332452,40.8,14.6,1800.0,0.6279296875,2182.8,1862.2,0x0,,,
1791003911.345535,41.4,16.2,1600.0,0.6279296875,2181.8,1863.2,0x0,,,
1791003912.359469,41.9,14.5,1600.0,0.57763671875,2179.1,1866.0,0x0,,,
1791003913.374221,41.4,14.1,1800.0,0.57763671875,2173.9,1871.1,0x0,,,
1791003914.3870695,41.4,12.3,1800.0,0.57763671875,2180.0,1865.0,0x0,,,
1791003915.4017725,41.4,11.7,1600.0,0.57763671875,2178.1,1866.9,0x0,,,
1791003916.4156337,41.4,14.0,1600.0,0.57763671875,2177.3,1867.8,0x0,,,
1791003917.4291303,40.8,14.4,1600.0,0.53125,2180.2,1864.8,0x0,,,
1791003918.4465485,40.8,14.4,1600.0,0.53125,2182.1,1862.9,0x0,,,
1791003919.4616804,40.8,12.8,1700.0,0.53125,2181.5,1863.6,0x0,,,
1791003920.4753265,40.8,17.2,1700.0,0.53125,2178.4,1866.7,0x0,,,
1791003921.4887583,41.4,14.1,1700.0,0.53125,2179.8,1865.3,0x0,,,
1791003922.502481,40.8,8.3,1600.0,0.56884765625,2184.7,1860.3,0x0,,,
1791003923.516912,40.2,8.2,1700.0,0.56884765625,2182.6,1862.5,0x0,,,
1791003924.52993,40.2,7.2,1600.0,0.56884765625,2183.0,1862.0,0x0,,,
1791003925.544299,40.8,7.5,1500.0,0.56884765625,2181.5,1863.5,0x0,,,
1791003926.5593238,40.2,8.7,1500.0,0.56884765625,2173.6,1871.5,0x0,,,
1791003927.572457,40.2,7.7,1600.0,0.52294921875,2172.9,1872.1,0x0,,,
1791003928.590039,39.7,8.5,1600.0,0.52294921875,2174.6,1870.5,0x0,,,
1791003929.6040616,39.1,8.5,1600.0,0.52294921875,2172.4,1872.7,0x0,,,
1791003930.6226904,40.2,9.1,1600.0,0.52294921875,2172.2,1872.8,0x0,,,
1791003931.6367223,39.7,13.5,1600.0,0.52294921875,2171.4,1873.7,0x0,,,
1791003932.6504574,40.8,11.0,1600.0,0.48095703125,2169.2,1875.8,0x0,,,
1791003933.6648247,38.6,10.1,1800.0,0.48095703125,2167.4,1877.6,0x0,,,
1791003934.6771557,41.4,12.8,1700.0,0.48095703125,2178.9,1866.1,0x0,,,
1791003935.691034,40.8,11.9,1600.0,0.48095703125,2178.9,1866.2,0x0,,,
1791003936.7064486,40.2,12.5,1600.0,0.48095703125,2177.7,1867.4,0x0,,,
1791003937.7204528,41.4,15.4,1600.0,0.4423828125,2180.0,1865.0,0x0,,,
1791003938.7359056,40.2,14.6,1700.0,0.4423828125,2178.8,1866.3,0x0,,,
1791003939.7513118,39.7,13.2,1600.0,0.4423828125,2178.2,1866.8,0x0,,,
1791003940.7652488,39.7,12.8,1600.0,0.4423828125,2177.8,1867.2,0x0,,,
1791003941.7791998,40.8,12.9,1600.0,0.4423828125,2176.6,1868.4,0x0,,,
1791003942.793179,41.4,12.9,1700.0,0.4873046875,2178.0,1867.0,0x0,,,
1791003943.806864,39.7,12.2,1700.0,0.4873046875,2179.2,1865.8,0x0,,,
1791003944.8206887,41.9,13.2,1800.0,0.4873046875,2175.7,1869.4,0x0,,,
1791003945.8335786,39.7,13.5,1600.0,0.4873046875,2175.1,1870.0,0x0,,,
1791003946.8477824,41.4,15.9,1600.0,0.4873046875,2172.7,1872.4,0x0,,,
1791003947.862106,41.4,13.6,1600.0,0.4482421875,2174.3,1870.7,0x0,,,
1791003948.8759484,41.4,16.7,1600.0,0.4482421875,2175.1,1869.9,0x0,,,
1791003949.889903,40.2,16.4,1600.0,0.4482421875,2173.6,1871.5,0x0,,,
1791003950.9041443,40.8,15.2,1700.0,0.4482421875,2171.0,1874.0,0x0,,,
1791003951.9173176,40.8,14.2,1700.0,0.4482421875,2172.3,1872.7,0x0,,,
1791003952.9306574,40.8,8.4,1700.0,0.412109375,2185.9,1859.1,0x0,,,
1791003953.9455895,40.8,8.0,1600.0,0.412109375,2182.8,1862.3,0x0,,,
1791003954.9591947,39.7,9.4,1800.0,0.412109375,2182.7,1862.3,0x0,,,
1791003955.9716527,40.8,8.9,1700.0,0.412109375,2187.3,1857.8,0x0,,,
1791003956.9845076,40.2,9.1,1500.0,0.412109375,2190.6,1854.4,0x0,,,
1791003958.0009096,40.2,6.5,1500.0,0.37890625,2184.1,1860.9,0x0,,,
1791003959.0158718,40.2,7.8,1600.0,0.37890625,2178.5,1866.6,0x0,,,
1791003960.0296087,39.7,7.7,1600.0,0.37890625,2171.6,1873.5,0x0,,,
1791003961.0432096,40.2,9.2,1600.0,0.37890625,2170.5,1874.5,0x0,,,
1791003962.0568588,38.6,10.7,1700.0,0.37890625,2175.8,1869.2,0x0,,,
1791003963.070722,40.2,8.2,1600.0,0.34814453125,2177.1,1868.0,0x0,,,
1791003964.0844498,38.6,7.6,1700.0,0.34814453125,2178.1,1867.0,0x0,,,
1791003965.0990126,39.7,9.4,1600.0,0.34814453125,2171.4,1873.6,0x0,,,
1791003966.115102,40.8,13.1,1600.0,0.34814453125,2187.9,1857.2,0x0,,,
1791003967.1289928,41.4,12.9,1600.0,0.31982421875,2186.8,1858.2,0x0,,,
1791003968.147517,40.8,15.9,1600.0,0.31982421875,2185.2,1859.8,0x0,,,
1791003969.1631017,40.2,16.0,1600.0,0.31982421875,2184.3,1860.8,0x0,,,
1791003970.1776397,41.4,20.5,2400.0,0.31982421875,2198.9,1846.1,0x0,,,
1791003971.18779,41.4,11.9,2400.0,0.31982421875,2198.2,1846.8,0x0,,,
1791003972.1980603,40.8,11.2,2400.0,0.37451171875,2202.2,1842.9,0x0,,,
1791003973.2091587,43.0,10.5,2400.0,0.37451171875,2197.1,1847.9,0x0,,,
1791003974.2227163,41.9,11.7,2400.0,0.37451171875,2188.9,1856.2,0x0,,,
1791003975.2362664,41.4,17.8,1700.0,0.37451171875,2191.2,1853.9,0x0,,,
1791003976.2514002,41.4,12.5,1700.0,0.37451171875,2196.1,1848.9,0x0,,,
1791003977.2674017,41.4,12.2,1600.0,0.34423828125,2200.2,1844.8,0x0,,,
1791003978.2812052,39.7,13.2,1600.0,0.34423828125,2190.6,1854.5,0x0,,,
1791003979.2953312,41.9,12.5,1600.0,0.34423828125,2190.1,1854.9,0x0,,,
1791003980.3091104,41.4,12.3,1700.0,0.34423828125,2189.2,1855.8,0x0,,,
1791003981.323453,40.8,11.4,1600.0,0.34423828125,2186.0,1859.1,0x0,,,
1791003982.3375576,41.4,13.1,1700.0,0.31640625,2181.7,1863.3,0x0,,,
1791003983.351039,40.2,12.8,1700.0,0.31640625,2178.8,1866.3,0x0,,,
1791003984.3644092,41.4,12.1,1700.0,0.31640625,2184.0,1861.1,0x0,,,
1791003985.3778164,41.4,19.7,1800.0,0.31640625,2206.7,1838.4,0x0,,,
1791003986.393113,41.4,13.2,1600.0,0.31640625,2208.3,1836.7,0x0,,,
1791003987.4095895,41.4,14.6,1600.0,0.77197265625,2203.2,1841.9,0x0,,,
1791003988.4234653,41.9,22.5,2400.0,0.77197265625,2260.5,1784.5,0x0,,,
1791003989.534381,41.9,12.3,2400.0,0.77197265625,2263.1,1782.0,0x0,,,
1791003990.5462346,40.2,12.6,2400.0,0.77197265625,2262.8,1782.3,0x0,,,
1791003991.556233,40.8,9.8,2400.0,0.77197265625,2260.4,1784.6,0x0,,,
1791003992.5665662,41.4,10.6,2400.0,0.7099609375,2241.7,1803.4,0x0,,,
1791003993.576432,41.4,9.5,1700.0,0.7099609375,2235.7,1809.4,0x0,,,
1791003994.590077,40.8,11.6,1600.0,0.7099609375,2229.7,1815.4,0x0,,,
1791003995.6045864,40.8,13.6,1700.0,0.7099609375,2201.0,1844.1,0x0,,,
1791003996.6183033,41.9,13.2,1700.0,0.7099609375,2204.0,1841.1,0x0,,,
1791003997.6316836,41.9,13.9,1600.0,0.65283203125,2208.7,1836.3,0x0,,,
1791003998.6461327,41.4,11.4,1600.0,0.65283203125,2209.0,1836.1,0x0,,,
1791003999.6633132,39.7,13.3,1600.0,0.65283203125,2208.5,1836.6,0x0,,,
1791004000.6791742,40.8,13.4,1600.0,0.65283203125,2202.2,1842.8,0x0,,,
1791004001.6929321,41.4,14.3,1700.0,0.65283203125,2200.2,1844.8,0x0,,,
1791004002.706426,41.4,11.9,1700.0,0.6806640625,2199.9,1845.1,0x0,,,
1791004003.7201512,41.4,13.6,1600.0,0.6806640625,2198.7,1846.4,0x0,,,
1791004004.7341566,40.8,10.9,1600.0,0.6806640625,2195.7,1849.4,0x0,,,
1791004005.7481585,40.2,12.2,1700.0,0.6806640625,2189.5,1855.5,0x0,,,
1791004006.7612052,40.8,13.8,1700.0,0.6806640625,2189.9,1855.2,0x0,,,
1791004007.7747808,41.4,16.7,1600.0,0.6259765625,2192.4,1852.7,0x0,,,
1791004008.7887948,40.8,16.7,1600.0,0.6259765625,2196.0,1849.1,0x0,,,
1791004009.8055909,41.4,14.1,1600.0,0.6259765625,2194.6,1850.5,0x0,,,
1791004010.8211675,40.8,14.6,1600.0,0.6259765625,2191.4,1853.7,0x0,,,
1791004011.835507,40.8,12.0,1700.0,0.6259765625,2185.4,1859.6,0x0,,,
1791004012.8491757,39.7,12.0,1600.0,0.65625,2185.9,1859.1,0x0,,,
1791004013.863465,40.8,12.8,1700.0,0.65625,2190.1,1854.9,0x0,,,
1791004014.8771164,39.7,13.4,1600.0,0.65625,2193.9,1851.2,0x0,,,
1791004015.89147,41.4,11.8,1700.0,0.65625,2191.5,1853.6,0x0,,,
1791004016.9053712,40.8,14.3,1700.0,0.65625,2185.9,1859.2,0x0,,,
1791004017.9191413,40.8,13.6,1700.0,0.603515625,2184.4,1860.7,0x0,,,
1791004018.9333267,41.4,13.8,1600.0,0.603515625,2190.2,1854.9,0x0,,,
1791004019.949621,41.4,14.3,1700.0,0.603515625,2192.7,1852.4,0x0,,,
1791004020.96379,40.8,18.5,1700.0,0.603515625,2228.3,1816.8,0x0,,,
1791004021.9783409,41.4,12.5,1700.0,0.603515625,2227.9,1817.1,0x0,,,
1791004022.9917989,40.8,12.1,1700.0,0.6357421875,2228.1,1816.9,0x0,,,
1791004024.005285,40.8,13.2,1600.0,0.6357421875,2224.5,1820.6,0x0,,,
1791004025.0211031,40.8,13.7,1700.0,0.6357421875,2209.3,1835.7,0x0,,,
1791004026.0346844,39.7,13.0,1700.0,0.6357421875,2196.2,1848.9,0x0,,,
1791004027.0485835,39.7,15.5,1700.0,0.6357421875,2196.3,1848.7,0x0,,,
1791004028.0617886,41.4,16.7,1700.0,0.7451171875,2191.1,1853.9,0x0,,,
1791004029.0751784,41.4,15.6,1600.0,0.7451171875,2189.9,1855.2,0x0,,,
1791004030.09093,40.8,13.3,1700.0,0.7451171875,2189.8,1855.3,0x0,,,
1791004031.1049495,40.8,13.5,1800.0,0.7451171875,2191.5,1853.5,0x0,,,
1791004032.1180007,41.4,11.2,1700.0,0.7451171875,2189.2,1855.8,0x0,,,
1791004033.1316319,40.2,12.2,1600.0,0.765625,2183.7,1861.4,0x0,,,
1791004034.147209,41.4,12.9,1700.0,0.765625,2187.0,1858.0,0x0,,,
1791004035.1611166,40.8,11.8,1600.0,0.765625,2183.0,1862.0,0x0,,,
1791004036.1760502,41.9,14.7,1800.0,0.765625,2186.2,1858.9,0x0,,,
1791004037.1900685,41.4,14.8,1700.0,0.7041015625,2186.6,1858.5,0x0,,,
1791004038.2034302,40.8,13.0,1600.0,0.7041015625,2187.6,1857.5,0x0,,,
1791004039.2175934,41.4,11.5,1600.0,0.7041015625,2191.8,1853.2,0x0,,,
1791004040.2359731,40.8,12.2,1600.0,0.7041015625,2188.2,1856.9,0x0,,,
1791004041.250774,41.4,14.1,1700.0,0.7041015625,2191.0,1854.1,0x0,,,
1791004042.2638302,41.4,12.0,1700.0,0.72802734375,2185.3,1859.8,0x0,,,
1791004043.2771976,40.8,11.7,1700.0,0.72802734375,2187.1,1857.9,0x0,,,
1791004044.2905924,41.4,11.1,1700.0,0.72802734375,2188.9,1856.2,0x0,,,
1791004045.3041482,41.4,13.5,1800.0,0.72802734375,2183.0,1862.0,0x0,,,
1791004046.3168628,40.8,12.4,1600.0,0.72802734375,2181.9,1863.2,0x0,,,
1791004047.3304176,41.4,15.9,1900.0,0.91015625,2182.9,1862.2,0x0,,,
1791004048.3426185,41.4,14.9,1700.0,0.91015625,2184.7,1860.3,0x0,,,
1791004049.3578696,41.4,14.9,1600.0,0.91015625,2180.2,1864.9,0x0,,,
1791004050.374006,40.8,13.6,1600.0,0.91015625,2185.3,1859.8,0x0,,,
1791004051.3884227,41.9,12.1,1700.0,0.91015625,2186.6,1858.4,0x0,,,
1791004052.4021704,40.8,11.5,1700.0,0.8369140625,2179.7,1865.4,0x0,,,
1791004053.4153032,41.4,12.5,1600.0,0.8369140625,2178.8,1866.3,0x0,,,
1791004054.4297307,40.2,11.6,1700.0,0.8369140625,2180.7,1864.3,0x0,,,
1791004055.4432478,41.4,14.9,1700.0,0.8369140625,2183.5,1861.6,0x0,,,
1791004056.4565692,40.2,11.8,1700.0,0.8369140625,2181.7,1863.3,0x0,,,
1791004057.4699,41.9,13.9,1600.0,0.85009765625,2183.9,1861.1,0x0,,,
1791004058.4838462,42.5,12.3,1700.0,0.85009765625,2180.2,1864.9,0x0,,,
1791004059.4985213,40.2,12.4,1600.0,0.85009765625,2180.0,1865.1,0x0,,,
1791004060.5135012,40.8,11.9,1600.0,0.85009765625,2178.8,1866.2,0x0,,,
1791004061.5274594,39.7,11.0,1700.0,0.85009765625,2180.9,1864.2,0x0,,,
1791004062.5407531,40.8,11.4,1600.0,0.78173828125,2182.2,1862.8,0x0,,,
1791004063.5547254,41.4,11.5,2400.0,0.78173828125,2186.0,1859.0,0x0,,,
1791004064.5654612,41.4,10.1,2400.0,0.78173828125,2184.4,1860.7,0x0,,,
1791004065.5757115,41.4,8.4,2400.0,0.78173828125,2185.6,1859.5,0x0,,,
1791004066.5865457,41.4,9.9,2400.0,0.78173828125,2186.1,1859.0,0x0,,,
1791004067.5965269,41.4,10.7,2400.0,0.71875,2178.6,1866.5,0x0,,,
1791004068.6069558,41.4,13.8,1700.0,0.71875,2177.8,1867.3,0x0,,,
1791004069.6210518,41.4,16.6,1600.0,0.71875,2180.8,1864.3,0x0,,,
1791004070.6350644,41.4,14.1,1700.0,0.71875,2181.0,1864.1,0x0,,,
1791004071.6490889,41.4,11.6,1700.0,0.71875,2180.3,1864.8,0x0,,,
1791004072.6626084,41.4,11.0,1700.0,0.82177734375,2184.7,1860.3,0x0,,,
1791004073.6918466,40.2,12.0,2400.0,0.82177734375,2182.2,1862.9,0x0,,,
1791004074.702352,40.2,7.9,2400.0,0.82177734375,2187.7,1857.4,0x0,,,
1791004075.7122555,41.9,7.3,2400.0,0.82177734375,2189.0,1856.1,0x0,,,
1791004076.722201,41.9,6.7,2400.0,0.82177734375,2190.8,1854.3,0x0,,,
1791004077.7338398,41.9,6.5,2400.0,0.83642578125,2184.8,1860.2,0x0,,,
1791004078.7494977,40.8,8.7,1600.0,0.83642578125,2183.2,1861.8,0x0,,,
1791004079.763845,42.5,9.0,1600.0,0.83642578125,2179.8,1865.3,0x0,,,
1791004080.7820601,39.7,8.2,1600.0,0.83642578125,2181.4,1863.7,0x0,,,
1791004081.7997515,40.2,10.4,1600.0,0.83642578125,2178.8,1866.2,0x0,,,
1791004082.8176305,40.8,10.7,1600.0,0.76904296875,2181.2,1863.9,0x0,,,
1791004083.8312714,40.2,7.8,1700.0,0.76904296875,2178.1,1866.9,0x0,,,
1791004084.8485012,40.2,8.7,1700.0,0.76904296875,2180.4,1864.7,0x0,,,
1791004085.865578,40.2,8.6,1700.0,0.76904296875,2181.5,1863.5,0x0,,,
1791004086.88305,40.2,8.2,1600.0,0.76904296875,2179.0,1866.0,0x0,,,
1791004087.8985875,40.8,13.6,1700.0,0.78759765625,2190.2,1854.9,0x0,,,
1791004088.9120579,40.8,16.1,1600.0,0.78759765625,2194.0,1851.1,0x0,,,
1791004089.926154,40.8,15.7,1700.0,0.78759765625,2196.8,1848.2,0x0,,,
1791004090.939313,40.8,14.5,1700.0,0.78759765625,2194.5,1850.6,0x0,,,
1791004091.9526782,41.4,13.2,1700.0,0.78759765625,2189.3,1855.7,0x0,,,
1791004092.9655867,41.9,12.7,1800.0,0.72412109375,2185.6,1859.5,0x0,,,
1791004093.9783535,40.8,11.0,1800.0,0.72412109375,2182.9,1862.2,0x0,,,
1791004094.9911277,41.4,13.5,1700.0,0.72412109375,2180.0,1865.0,0x0,,,
1791004096.0046222,42.5,13.2,1700.0,0.72412109375,2166.6,1878.5,0x0,,,
1791004097.0177736,39.7,14.7,1600.0,0.72412109375,2161.1,1884.0,0x0,,,
1791004098.0323467,41.9,13.0,1600.0,0.666015625,2163.1,1882.0,0x0,,,
1791004099.049621,41.4,13.4,1600.0,0.666015625,2159.7,1885.3,0x0,,,
1791004100.0643218,40.2,13.6,1600.0,0.666015625,2157.2,1887.9,0x0,,,
1791004101.078435,40.8,12.3,1700.0,0.666015625,2162.7,1882.4,0x0,,,
1791004102.0917122,41.9,10.8,1600.0,0.666015625,2169.8,1875.3,0x0,,,
1791004103.1058378,40.8,9.9,1900.0,0.69287109375,2177.4,1867.7,0x0,,,
1791004104.1185713,39.1,7.0,1700.0,0.69287109375,2176.4,1868.7,0x0,,,
1791004105.1316557,39.7,8.3,1700.0,0.69287109375,2170.3,1874.8,0x0,,,
1791004106.1475313,40.8,12.1,1600.0,0.69287109375,2173.1,1872.0,0x0,,,
1791004107.161133,41.4,14.1,1700.0,0.69287109375,2176.9,1868.2,0x0,,,
1791004108.174511,41.9,15.7,1600.0,0.7177734375,2172.6,1872.5,0x0,,,
1791004109.190019,39.7,14.6,1700.0,0.7177734375,2175.3,1869.8,0x0,,,
1791004110.2031581,40.2,17.3,1700.0,0.7177734375,2169.2,1875.9,0x0,,,
1791004111.2162406,41.4,13.0,1700.0,0.7177734375,2171.8,1873.3,0x0,,,
1791004112.231551,39.7,12.8,1600.0,0.66015625,2171.5,1873.6,0x0,,,
1791004113.245654,41.4,12.4,1700.0,0.66015625,2169.4,1875.7,0x0,,,
1791004114.2607698,41.4,13.3,1700.0,0.66015625,2168.0,1877.1,0x0,,,
1791004115.2745821,41.4,12.1,1800.0,0.66015625,2167.3,1877.8,0x0,,,
1791004116.2897043,41.9,14.5,1700.0,0.66015625,2170.9,1874.1,0x0,,,
1791004117.3031673,40.2,13.8,1700.0,0.60693359375,2168.0,1877.0,0x0,,,
1791004118.3168387,39.7,12.3,1700.0,0.60693359375,2168.5,1876.6,0x0,,,
1791004119.331594,40.8,14.2,1700.0,0.60693359375,2168.7,1876.3,0x0,,,
1791004120.3458662,41.4,12.2,1600.0,0.60693359375,2167.1,1877.9,0x0,,,
1791004121.3604558,40.8,14.4,1700.0,0.60693359375,2168.7,1876.4,0x0,,,
1791004122.374132,41.4,13.4,1700.0,0.55810546875,2176.1,1869.0,0x0,,,
1791004123.3906443,40.8,13.6,1900.0,0.55810546875,2174.5,1870.5,0x0,,,
1791004124.402784,41.4,12.3,1700.0,0.55810546875,2169.1,1876.0,0x0,,,
1791004125.4163373,39.7,13.7,1800.0,0.55810546875,2168.7,1876.4,0x0,,,
1791004126.4290674,40.8,14.6,1700.0,0.55810546875,2167.5,1877.6,0x0,,,
1791004127.444173,40.2,15.8,1600.0,0.75390625,2165.2,1879.8,0x0,,,
1791004128.459718,41.4,16.0,1600.0,0.75390625,2163.7,1881.4,0x0,,,
1791004129.474309,41.4,14.2,1700.0,0.75390625,2161.8,1883.3,0x0,,,
1791004130.4878619,40.8,13.5,1600.0,0.75390625,2164.0,1881.1,0x0,,,
1791004131.502019,40.8,13.0,1600.0,0.75390625,2159.9,1885.2,0x0,,,
1791004132.5163875,40.2,13.4,1700.0,0.693359375,2166.1,1878.9,0x0,,,
1791004133.529855,41.4,12.4,1900.0,0.693359375,2168.2,1876.9,0x0,,,
1791004134.5434055,42.5,10.7,1700.0,0.693359375,2161.1,1884.0,0x0,,,
1791004135.5579011,41.4,14.1,1700.0,0.693359375,2166.1,1878.9,0x0,,,
1791004136.571868,41.4,13.0,1700.0,0.693359375,2167.2,1877.8,0x0,,,
1791004137.5850437,41.4,15.4,1600.0,0.6376953125,2164.7,1880.4,0x0,,,
1791004138.6023588,41.9,11.8,1600.0,0.6376953125,2160.9,1884.2,0x0,,,
1791004139.6176772,40.8,13.4,1600.0,0.6376953125,2162.4,1882.7,0x0,,,
1791004140.6319733,40.8,12.3,1700.0,0.6376953125,2162.6,1882.5,0x0,,,
1791004141.6457055,42.5,12.6,1700.0,0.6376953125,2168.3,1876.8,0x0,,,
1791004142.6595552,41.4,11.5,1700.0,0.58642578125,2167.1,1877.9,0x0,,,
1791004143.673551,40.8,13.7,1900.0,0.58642578125,2166.6,1878.4,0x0,,,
1791004144.6857655,41.4,13.2,1700.0,0.58642578125,2168.8,1876.3,0x0,,,
1791004145.7001402,40.2,13.4,1700.0,0.58642578125,2169.5,1875.5,0x0,,,
1791004146.714749,42.5,13.2,1700.0,0.58642578125,2169.0,1876.1,0x0,,,
1791004147.7281528,40.8,12.3,1600.0,0.5390625,2164.5,1880.5,0x0,,,
1791004148.7437582,40.8,13.2,1600.0,0.5390625,2162.1,1883.0,0x0,,,
1791004149.7580807,41.4,14.5,1700.0,0.5390625,2165.1,1879.9,0x0,,,
1791004150.771508,41.4,14.7,1700.0,0.5390625,2167.3,1877.8,0x0,,,
1791004151.7846863,40.8,13.9,1700.0,0.5390625,2165.6,1879.5,0x0,,,
1791004152.7980459,41.4,11.9,1700.0,0.576171875,2166.2,1878.9,0x0,,,
1791004153.813049,41.9,15.5,2400.0,0.576171875,2162.9,1882.2,0x0,,,
1791004154.8231945,41.4,11.4,2400.0,0.576171875,2159.8,1885.2,0x0,,,
1791004155.8333998,41.4,10.7,2400.0,0.576171875,2164.5,1880.6,0x0,,,
1791004156.843763,42.5,10.8,2400.0,0.576171875,2166.4,1878.7,0x0,,,
1791004157.854664,41.9,10.2,2400.0,0.6904296875,2167.1,1877.9,0x0,,,
1791004158.8654006,40.2,11.5,1700.0,0.6904296875,2168.3,1876.8,0x0,,,
1791004159.8785944,41.4,15.2,1600.0,0.6904296875,2169.5,1875.6,0x0,,,
1791004160.892181,43.0,14.1,1900.0,0.6904296875,2164.2,1880.8,0x0,,,
1791004161.904483,41.9,19.2,2400.0,0.6904296875,2183.1,1861.9,0x0,,,
1791004162.9185228,41.9,15.2,2400.0,0.634765625,2179.1,1866.0,0x0,,,
1791004163.9289293,44.1,9.6,2400.0,0.634765625,2180.5,1864.6,0x0,,,
1791004164.9444797,41.9,10.3,2400.0,0.634765625,2179.3,1865.8,0x0,,,
1791004165.9586868,41.4,10.5,2400.0,0.634765625,2177.3,1867.7,0x0,,,
1791004166.968669,41.4,12.1,1600.0,0.634765625,2180.3,1864.8,0x0,,,
1791004167.9884567,41.4,12.9,1600.0,0.58349609375,2178.4,1866.7,0x0,,,
1791004169.002783,41.4,12.8,1700.0,0.58349609375,2175.2,1869.8,0x0,,,
1791004170.020276,41.4,13.6,1700.0,0.58349609375,2175.4,1869.7,0x0,,,
1791004171.0374784,41.4,13.6,1600.0,0.58349609375,2177.4,1867.7,0x0,,,
1791004172.0560334,41.9,13.8,1600.0,0.58349609375,2175.5,1869.6,0x0,,,
1791004173.0749776,41.4,13.3,1700.0,0.9375,2182.1,1863.0,0x0,,,
1791004174.092259,41.4,15.2,1700.0,0.9375,2182.8,1862.3,0x0,,,
1791004175.105952,41.4,13.5,1700.0,0.9375,2180.3,1864.8,0x0,,,
1791004176.1199958,41.9,13.5,1700.0,0.9375,2180.5,1864.6,0x0,,,
1791004177.1336699,40.8,13.1,1600.0,0.9375,2177.7,1867.4,0x0,,,
1791004178.1503222,41.4,14.9,1700.0,0.8623046875,2175.3,1869.8,0x0,,,
1791004179.1644304,40.8,12.7,1600.0,0.8623046875,2173.9,1871.2,0x0,,,
1791004180.1783404,41.4,14.5,1600.0,0.8623046875,2175.6,1869.5,0x0,,,
1791004181.1919775,40.8,13.5,1700.0,0.8623046875,2170.8,1874.2,0x0,,,
1791004182.2056353,41.4,13.5,1700.0,0.8623046875,2171.0,1874.1,0x0,,,
1791004183.2201498,41.4,12.9,1700.0,1.11376953125,2172.0,1873.0,0x0,,,
1791004184.2390587,42.5,21.6,2400.0,1.11376953125,2183.6,1861.5,0x0,,,
1791004185.2569919,42.5,19.7,2400.0,1.11376953125,2200.5,1844.6,0x0,,,
1791004186.271326,40.8,11.0,2400.0,1.11376953125,2202.9,1842.1,0x0,,,
1791004187.2857237,41.9,10.4,2400.0,1.0244140625,2205.0,1840.1,0x0,,,
1791004188.3003523,41.9,10.8,2400.0,1.0244140625,2202.7,1842.4,0x0,,,
1791004189.3154685,40.8,11.4,1700.0,1.0244140625,2203.4,1841.7,0x0,,,
1791004190.3328388,40.2,15.0,1700.0,1.0244140625,2195.1,1850.0,0x0,,,
1791004191.350488,41.4,13.8,1600.0,1.0244140625,2192.8,1852.2,0x0,,,
1791004192.3684952,41.4,13.6,1700.0,1.1025390625,2188.5,1856.6,0x0,,,
1791004193.3857083,41.9,10.3,1700.0,1.1025390625,2185.5,1859.6,0x0,,,
1791004194.5026655,40.8,14.2,1700.0,1.1025390625,2182.8,1862.2,0x0,,,
1791004195.5160587,41.4,13.0,1700.0,1.1025390625,2181.4,1863.6,0x0,,,
1791004196.5292637,41.4,13.0,1600.0,1.1025390625,2186.7,1858.4,0x0,,,
1791004197.5442967,41.4,14.5,1700.0,1.01416015625,2194.2,1850.9,0x0,,,
1791004198.5572016,39.7,7.2,1700.0,1.01416015625,2187.3,1857.8,0x0,,,
1791004199.5699847,40.8,8.7,1600.0,1.01416015625,2183.8,1861.3,0x0,,,
1791004200.5835166,41.4,9.1,1500.0,1.01416015625,2185.1,1860.0,0x0,,,
1791004201.5984602,40.2,6.4,1500.0,1.01416015625,2189.4,1855.6,0x0,,,
1791004202.6134605,39.7,9.6,1600.0,0.9326171875,2184.5,1860.6,0x0,,,
1791004203.6270301,40.2,7.4,1600.0,0.9326171875,2186.8,1858.2,0x0,,,
1791004204.6445382,39.7,8.2,1600.0,0.9326171875,2186.8,1858.3,0x0,,,
1791004205.661987,39.7,7.6,1500.0,0.9326171875,2177.6,1867.4,0x0,,,
1791004206.677465,40.2,7.2,1700.0,0.9326171875,2178.0,1867.0,0x0,,,
1791004207.6946876,40.2,8.6,1600.0,0.9384765625,2180.8,1864.3,0x0,,,
1791004208.7081323,40.2,9.6,1700.0,0.9384765625,2178.0,1867.1,0x0,,,
1791004209.722083,40.2,12.7,1700.0,0.9384765625,2193.5,1851.6,0x0,,,
1791004210.7363758,41.4,12.4,1600.0,0.9384765625,2190.8,1854.2,0x0,,,
1791004211.7522438,40.2,11.9,1700.0,0.9384765625,2186.8,1858.3,0x0,,,
1791004212.7667956,40.8,12.3,1700.0,1.10400390625,2180.9,1864.1,0x0,,,
1791004213.7802026,40.2,12.0,1600.0,1.10400390625,2185.8,1859.2,0x0,,,
1791004214.794309,41.4,12.3,1700.0,1.10400390625,2188.4,1856.7,0x0,,,
1791004215.8076422,41.4,11.2,1600.0,1.10400390625,2186.8,1858.2,0x0,,,
1791004216.821733,41.9,11.9,1600.0,1.10400390625,2188.7,1856.4,0x0,,,
1791004217.835627,41.4,10.3,1800.0,1.01513671875,2186.9,1858.2,0x0,,,
1791004218.8492343,41.9,12.3,1700.0,1.01513671875,2184.6,1860.5,0x0,,,
1791004219.8628716,41.4,12.4,1600.0,1.01513671875,2186.6,1858.5,0x0,,,
1791004220.8772867,41.9,11.0,1600.0,1.01513671875,2183.8,1861.2,0x0,,,
1791004221.8968842,40.8,11.3,1600.0,1.01513671875,2186.9,1858.2,0x0,,,
1791004223.0126767,40.8,11.3,1700.0,0.93359375,2187.1,1858.0,0x0,,,
1791004224.026375,39.7,12.1,1600.0,0.93359375,2185.4,1859.7,0x0,,,
1791004225.0429134,40.2,11.2,1600.0,0.93359375,2188.0,1857.1,0x0,,,
1791004226.1303875,41.4,13.8,1600.0,0.93359375,2165.2,1879.8,0x0,,,
1791004227.1455193,41.4,11.9,1600.0,0.93359375,2166.4,1878.7,0x0,,,
1791004228.1637838,41.4,11.8,1700.0,0.8583984375,2165.0,1880.0,0x0,,,
1791004229.181924,41.4,11.6,1600.0,0.8583984375,2165.9,1879.2,0x0,,,
1791004230.1962044,40.8,12.3,1800.0,0.8583984375,2169.1,1876.0,0x0,,,
1791004231.210342,40.2,13.3,1700.0,0.8583984375,2173.8,1871.3,0x0,,,
1791004232.2247434,39.1,12.2,1700.0,0.8583984375,2174.5,1870.6,0x0,,,
1791004233.2384012,40.8,11.8,1700.0,0.78955078125,2176.0,1869.1,0x0,,,
1791004234.2515216,40.8,11.4,1600.0,0.78955078125,2174.4,1870.6,0x0,,,
1791004235.2690172,41.4,12.4,1600.0,0.78955078125,2167.2,1877.8,0x0,,,
1791004236.283108,41.4,12.6,1600.0,0.78955078125,2164.5,1880.6,0x0,,,
1791004237.2967381,40.8,12.8,1700.0,0.78955078125,2166.6,1878.5,0x0,,,
1791004238.3116977,40.8,16.6,2400.0,0.72607421875,2181.6,1863.5,0x0,,,
1791004239.3223264,41.9,9.0,2400.0,0.72607421875,2180.9,1864.1,0x0,,,
1791004240.336425,42.5,9.2,2400.0,0.72607421875,2185.3,1859.8,0x0,,,
1791004241.3463554,41.4,10.8,2400.0,0.72607421875,2184.5,1860.5,0x0,,,
1791004242.4589107,41.4,10.8,2400.0,0.66748046875,2174.8,1870.3,0x0,,,
1791004243.4693654,41.4,10.1,1700.0,0.66748046875,2174.5,1870.5,0x0,,,
1791004244.4846723,41.4,11.2,1700.0,0.66748046875,2172.5,1872.6,0x0,,,
1791004245.4978094,40.8,11.8,1700.0,0.66748046875,2174.2,1870.9,0x0,,,
1791004246.5107732,41.9,12.7,1600.0,0.66748046875,2165.9,1879.2,0x0,,,
1791004247.5257475,40.8,11.2,1600.0,0.6943359375,2168.8,1876.2,0x0,,,
1791004248.5403812,39.7,12.6,1600.0,0.6943359375,2170.3,1874.8,0x0,,,
1791004249.5546482,41.4,11.5,1600.0,0.6943359375,2170.0,1875.0,0x0,,,
1791004250.572609,40.8,11.4,1700.0,0.6943359375,2163.0,1882.1,0x0,,,
1791004251.586922,41.4,12.2,1600.0,0.6943359375,2168.2,1876.9,0x0,,,
1791004252.6007745,41.4,12.0,1800.0,0.638671875,2166.5,1878.6,0x0,,,
1791004253.6134312,41.4,8.2,1700.0,0.638671875,2168.1,1877.0,0x0,,,
1791004254.6264014,40.2,6.4,1700.0,0.638671875,2165.9,1879.1,0x0,,,
1791004255.6395993,40.8,8.4,1500.0,0.638671875,2168.1,1877.0,0x0,,,
1791004256.6547809,40.2,6.7,1500.0,0.638671875,2166.0,1879.0,0x0,,,
1791004257.6713457,40.2,5.7,1600.0,0.748046875,2161.4,1883.7,0x0,,,
1791004258.6891134,39.7,7.3,1500.0,0.748046875,2160.8,1884.2,0x0,,,
1791004259.7035785,39.7,7.2,1600.0,0.748046875,2161.3,1883.8,0x0,,,
1791004260.7178063,40.2,11.8,1600.0,0.748046875,2169.8,1875.2,0x0,,,
1791004261.7358387,39.1,12.1,1700.0,0.748046875,2173.2,1871.9,0x0,,,
1791004262.7532554,40.8,12.0,1700.0,0.7685546875,2174.8,1870.2,0x0,,,
1791004263.770989,40.8,12.7,1700.0,0.7685546875,2177.7,1867.3,0x0,,,
1791004264.787482,41.4,12.1,1700.0,0.7685546875,2171.2,1873.9,0x0,,,
1791004265.819645,39.7,11.6,1700.0,0.7685546875,2171.6,1873.5,0x0,,,
1791004266.8335428,41.4,11.6,1600.0,0.7685546875,2166.7,1878.4,0x0,,,
1791004267.8475044,41.4,11.2,1600.0,0.70654296875,2168.4,1876.7,0x0,,,
1791004268.8639596,42.5,11.2,1600.0,0.70654296875,2165.3,1879.8,0x0,,,
1791004269.8822913,41.4,11.9,1600.0,0.70654296875,2163.3,1881.8,0x0,,,
1791004270.9000716,40.8,11.0,1600.0,0.70654296875,2160.7,1884.4,0x0,,,
1791004271.918032,40.8,13.0,1700.0,0.70654296875,2162.8,1882.2,0x0,,,
1791004272.9352353,40.2,11.0,1600.0,0.64990234375,2160.9,1884.2,0x0,,,
1791004273.9533844,41.4,11.2,1800.0,0.64990234375,2163.2,1881.9,0x0,,,
1791004274.97003,40.8,12.8,1900.0,0.64990234375,2161.2,1883.9,0x0,,,
1791004275.986223,40.8,11.0,1600.0,0.64990234375,2164.9,1880.1,0x0,,,
1791004277.0058584,40.2,11.4,1700.0,0.64990234375,2167.5,1877.6,0x0,,,
1791004278.0189419,41.4,11.3,1600.0,0.59765625,2163.7,1881.4,0x0,,,
1791004279.0375385,40.8,11.8,1600.0,0.59765625,2164.0,1881.1,0x0,,,
1791004280.0561216,39.7,11.9,1600.0,0.59765625,2161.5,1883.6,0x0,,,
1791004281.0738943,40.8,12.5,1600.0,0.59765625,2163.4,1881.7,0x0,,,
1791004282.0915453,40.8,13.9,1600.0,0.59765625,2164.1,1881.0,0x0,,,
1791004283.1091866,40.8,10.8,1600.0,0.54931640625,2163.0,1882.0,0x0,,,
1791004284.1230147,41.4,11.8,1700.0,0.54931640625,2163.2,1881.9,0x0,,,
1791004285.1406763,41.4,13.8,1700.0,0.54931640625,2164.0,1881.0,0x0,,,
1791004286.1580987,41.9,12.3,1700.0,0.54931640625,2164.0,1881.1,0x0,,,
1791004287.1756234,40.8,12.3,1600.0,0.54931640625,2165.2,1879.9,0x0,,,
1791004288.1933947,40.2,11.6,1600.0,0.5048828125,2167.7,1877.4,0x0,,,
1791004289.2088253,40.8,11.9,1600.0,0.5048828125,2167.0,1878.1,0x0,,,
1791004290.228256,40.8,11.6,1600.0,0.5048828125,2163.2,1881.9,0x0,,,
1791004291.2436395,40.2,9.5,1500.0,0.5048828125,2165.9,1879.2,0x0,,,
1791004292.25908,40.2,9.3,1500.0,0.5048828125,2170.1,1875.0,0x0,,,
1791004293.2772238,40.2,7.4,1600.0,0.46435546875,2169.6,1875.4,0x0,,,
1791004294.2951043,40.2,6.2,1600.0,0.46435546875,2165.1,1880.0,0x0,,,
1791004295.312618,40.2,6.9,1600.0,0.46435546875,2165.0,1880.0,0x0,,,
1791004296.3305252,40.2,6.2,1600.0,0.46435546875,2164.7,1880.4,0x0,,,
1791004297.3479137,40.8,6.7,1700.0,0.46435546875,2167.5,1877.5,0x0,,,
1791004298.3654692,39.1,6.4,1600.0,0.4267578125,2167.1,1877.9,0x0,,,
1791004299.3832722,40.2,8.8,1500.0,0.4267578125,2158.8,1886.2,0x0,,,
1791004300.4013107,40.8,6.7,1500.0,0.4267578125,2163.5,1881.6,0x0,,,
1791004301.421261,39.7,5.9,1600.0,0.4267578125,2165.1,1879.9,0x0,,,
1791004302.439457,40.2,5.2,1500.0,0.392578125,2158.0,1887.1,0x0,,,
1791004303.4576151,40.2,8.6,1600.0,0.392578125,2159.2,1885.9,0x0,,,
1791004304.4751792,39.1,7.6,1600.0,0.392578125,2155.1,1890.0,0x0,,,
1791004305.4926727,40.2,9.4,1600.0,0.392578125,2162.7,1882.4,0x0,,,
1791004306.5102084,40.8,7.4,1700.0,0.392578125,2161.1,1884.0,0x0,,,
1791004307.5257792,40.2,8.4,1600.0,0.6015625,2165.9,1879.2,0x0,,,
1791004308.5397542,39.7,7.9,1700.0,0.6015625,2166.8,1878.3,0x0,,,
1791004309.553052,40.8,7.0,1800.0,0.6015625,2161.2,1883.8,0x0,,,
1791004310.5659535,38.6,6.5,1600.0,0.6015625,2155.7,1889.3,0x0,,,
1791004311.5800042,40.2,6.2,1500.0,0.6015625,2158.2,1886.9,0x0,,,
1791004312.5956402,39.1,7.4,1600.0,0.55322265625,2157.5,1887.6,0x0,,,
1791004313.6091173,40.2,5.9,1600.0,0.55322265625,2155.7,1889.3,0x0,,,
1791004314.6270206,38.0,6.2,1500.0,0.55322265625,2158.2,1886.9,0x0,,,
1791004315.6415887,40.2,6.3,1600.0,0.55322265625,2156.1,1888.9,0x0,,,
1791004316.6550329,39.7,7.4,1600.0,0.55322265625,2159.7,1885.4,0x0,,,
1791004317.6686296,39.7,7.0,1700.0,0.5087890625,2161.8,1883.2,0x0,,,
1791004318.6814048,39.7,6.7,1700.0,0.5087890625,2163.9,1881.2,0x0,,,
1791004319.6942122,39.7,6.5,1500.0,0.5087890625,2156.8,1888.3,0x0,,,
1791004320.7086003,39.1,8.8,1500.0,0.5087890625,2159.8,1885.3,0x0,,,
1791004321.7232234,39.1,5.4,1600.0,0.5087890625,2158.1,1886.9,0x0,,,
1791004322.7379324,40.8,10.6,1600.0,0.54833984375,2173.1,1872.0,0x0,,,
1791004323.7532494,39.7,13.0,1600.0,0.54833984375,2177.1,1868.0,0x0,,,
1791004324.7668474,40.2,11.3,1600.0,0.54833984375,2178.7,1866.3,0x0,,,
1791004325.7806144,40.8,15.6,1800.0,0.54833984375,2174.7,1870.3,0x0,,,
1791004326.793645,40.8,13.4,1800.0,0.54833984375,2170.0,1875.0,0x0,,,
1791004327.8062456,41.4,12.8,1700.0,0.5849609375,2169.9,1875.1,0x0,,,
1791004328.8203628,40.2,11.4,1600.0,0.5849609375,2170.5,1874.5,0x0,,,
1791004329.8594964,41.4,11.9,1700.0,0.5849609375,2167.4,1877.7,0x0,,,
1791004330.8727365,40.8,11.2,1700.0,0.5849609375,2167.3,1877.7,0x0,,,
1791004331.88583,40.2,12.7,1700.0,0.5849609375,2170.0,1875.1,0x0,,,
1791004332.8989391,40.8,16.8,1900.0,0.5380859375,2184.0,1861.0,0x0,,,
1791004333.9173384,40.8,11.9,1700.0,0.5380859375,2185.7,1859.4,0x0,,,
1791004334.934989,40.8,12.5,1600.0,0.5380859375,2181.3,1863.8,0x0,,,
1791004335.9530745,39.7,11.5,1600.0,0.5380859375,2179.4,1865.7,0x0,,,
1791004336.9674106,40.8,12.5,1600.0,0.5380859375,2173.9,1871.2,0x0,,,
1791004337.9815679,40.8,12.6,1700.0,0.5751953125,2173.6,1871.5,0x0,,,
1791004338.994919,40.2,11.5,1700.0,0.5751953125,2174.3,1870.8,0x0,,,
1791004340.0089123,40.8,12.2,1600.0,0.5751953125,2175.8,1869.2,0x0,,,
1791004341.0229619,40.8,13.1,1600.0,0.5751953125,2167.3,1877.7,0x0,,,
1791004342.036797,41.4,10.9,1600.0,0.5751953125,2167.5,1877.6,0x0,,,
1791004343.0553744,40.8,10.6,1600.0,0.609375,2166.5,1878.6,0x0,,,
1791004344.06915,41.4,13.4,1600.0,0.609375,2168.6,1876.5,0x0,,,
1791004345.083132,40.8,11.9,1700.0,0.609375,2164.8,1880.2,0x0,,,
1791004346.0961418,40.2,12.8,1700.0,0.609375,2168.4,1876.7,0x0,,,
1791004347.1090906,40.8,12.6,1700.0,0.609375,2164.8,1880.2,0x0,,,
1791004348.12604,40.8,11.4,1800.0,0.560546875,2163.6,1881.5,0x0,,,
1791004349.1424296,40.8,13.1,1700.0,0.560546875,2165.7,1879.4,0x0,,,
1791004350.1598825,40.8,11.4,1600.0,0.560546875,2167.5,1877.6,0x0,,,
1791004351.1736305,41.4,10.8,1700.0,0.560546875,2166.5,1878.5,0x0,,,
1791004352.1869073,40.8,10.8,1600.0,0.560546875,2164.8,1880.3,0x0,,,
1791004353.2023523,41.9,12.8,1600.0,0.67626953125,2166.1,1878.9,0x0,,,
1791004354.2162657,41.4,13.3,1600.0,0.67626953125,2165.7,1879.4,0x0,,,
1791004355.230218,40.8,11.3,1700.0,0.67626953125,2165.3,1879.8,0x0,,,
1791004356.243334,41.4,14.7,1600.0,0.67626953125,2166.3,1878.7,0x0,,,
1791004357.257,40.8,11.7,1700.0,0.67626953125,2168.5,1876.5,0x0,,,
1791004358.2702336,41.9,10.6,1700.0,1.02294921875,2173.3,1871.8,0x0,,,
1791004359.2833354,40.8,12.7,1700.0,1.02294921875,2170.3,1874.8,0x0,,,
1791004360.296446,40.8,13.4,1700.0,1.02294921875,2164.5,1880.5,0x0,,,
1791004361.3094492,40.8,10.4,1600.0,1.02294921875,2164.1,1881.0,0x0,,,
1791004362.3239825,39.7,11.6,1600.0,1.02294921875,2163.9,1881.2,0x0,,,
1791004363.3383873,41.4,11.9,1600.0,0.94091796875,2162.9,1882.1,0x0,,,
1791004364.3570378,39.7,10.8,1600.0,0.94091796875,2165.4,1879.7,0x0,,,
1791004365.3761203,40.8,11.7,1700.0,0.94091796875,2165.3,1879.8,0x0,,,
1791004366.3907454,41.4,15.5,1600.0,0.94091796875,2163.8,1881.3,0x0,,,
1791004367.4047372,41.4,10.1,1600.0,0.94091796875,2163.1,1881.9,0x0,,,
1791004368.419371,40.8,12.0,1700.0,0.94580078125,2165.6,1879.5,0x0,,,
1791004369.4329,40.8,11.4,1700.0,0.94580078125,2160.3,1884.7,0x0,,,
1791004370.4460273,40.8,11.3,1600.0,0.94580078125,2159.0,1886.0,0x0,,,
1791004371.4600325,40.8,14.2,1600.0,0.94580078125,2164.3,1880.7,0x0,,,
1791004372.4738162,41.9,11.4,1600.0,0.94580078125,2167.3,1877.8,0x0,,,
1791004373.4926693,39.1,12.1,1700.0,0.86962890625,2170.0,1875.0,0x0,,,
1791004374.5058749,39.7,7.2,1700.0,0.86962890625,2175.1,1870.0,0x0,,,
1791004375.5229366,39.1,6.4,1600.0,0.86962890625,2170.5,1874.6,0x0,,,
1791004376.54051,40.2,7.0,1600.0,0.86962890625,2169.6,1875.5,0x0,,,
1791004377.5581334,40.8,6.7,1700.0,0.7998046875,2168.1,1876.9,0x0,,,
1791004378.5749702,40.8,9.7,1700.0,0.7998046875,2162.1,1883.0,0x0,,,
1791004379.5923147,39.7,6.9,1600.0,0.7998046875,2163.6,1881.5,0x0,,,
1791004380.6058779,39.7,6.5,1600.0,0.7998046875,2165.2,1879.9,0x0,,,
1791004381.6193104,40.2,6.0,1500.0,0.7998046875,2165.8,1879.3,0x0,,,
1791004382.6338656,39.1,5.2,1500.0,0.7353515625,2168.1,1877.0,0x0,,,
1791004383.6551316,40.8,6.9,1500.0,0.7353515625,2170.1,1875.0,0x0,,,
1791004384.673955,39.7,10.1,1600.0,0.7353515625,2173.7,1871.4,0x0,,,
1791004385.692207,40.8,12.7,1600.0,0.7353515625,2179.8,1865.2,0x0,,,
1791004386.810376,40.2,11.8,2400.0,0.7353515625,2180.3,1864.7,0x0,,,
1791004387.8205853,40.8,9.7,2400.0,0.67626953125,2181.1,1864.0,0x0,,,
1791004388.8305979,40.2,10.2,2400.0,0.67626953125,2173.1,1872.0,0x0,,,
1791004389.8406413,41.4,10.6,2400.0,0.67626953125,2168.6,1876.5,0x0,,,
1791004390.9535236,40.8,9.0,1600.0,0.67626953125,2171.7,1873.4,0x0,,,
1791004391.9674377,41.4,12.9,1700.0,0.67626953125,2171.1,1874.0,0x0,,,
1791004392.981327,41.4,12.2,1700.0,0.86279296875,2173.0,1872.1,0x0,,,
1791004393.9986744,40.8,13.0,1600.0,0.86279296875,2165.6,1879.4,0x0,,,
1791004395.0126548,40.8,11.4,1700.0,0.86279296875,2169.1,1875.9,0x0,,,
1791004396.026199,41.4,11.5,1900.0,0.86279296875,2174.6,1870.4,0x0,,,
1791004397.0381136,41.4,12.5,1600.0,0.86279296875,2174.5,1870.6,0x0,,,
1791004398.0516493,40.8,11.4,1600.0,0.8740234375,2175.7,1869.4,0x0,,,
1791004399.0686784,41.4,12.2,1700.0,0.8740234375,2171.5,1873.5,0x0,,,
1791004400.0865264,40.8,13.4,1600.0,0.8740234375,2167.4,1877.7,0x0,,,
1791004401.1045105,39.1,12.1,1700.0,0.8740234375,2166.7,1878.4,0x0,,,
1791004402.1188838,39.7,13.0,1700.0,0.8740234375,2166.1,1879.0,0x0,,,
1791004403.1319072,40.2,11.9,1700.0,0.88427734375,2168.4,1876.7,0x0,,,
1791004404.145018,40.8,11.1,1800.0,0.88427734375,2164.9,1880.1,0x0,,,
1791004405.1575968,41.4,11.0,1700.0,0.88427734375,2166.2,1878.8,0x0,,,
1791004406.171605,41.4,14.1,1900.0,0.88427734375,2162.5,1882.5,0x0,,,
1791004407.1833673,41.4,14.0,1600.0,0.88427734375,2162.4,1882.7,0x0,,,
1791004408.1972466,39.7,10.2,1600.0,0.81298828125,2161.5,1883.6,0x0,,,
1791004409.211623,41.4,12.1,1600.0,0.81298828125,2165.4,1879.6,0x0,,,
1791004410.225775,41.4,11.5,1600.0,0.81298828125,2167.3,1877.8,0x0,,,
1791004411.2396367,40.8,12.8,1600.0,0.81298828125,2171.0,1874.1,0x0,,,
1791004412.2545567,40.8,11.7,1700.0,0.81298828125,2170.5,1874.6,0x0,,,
1791004413.267456,41.4,13.0,1600.0,0.74755859375,2169.7,1875.4,0x0,,,
1791004414.2815108,40.2,11.2,1700.0,0.74755859375,2164.3,1880.8,0x0,,,
1791004415.2948859,40.8,11.7,1700.0,0.74755859375,2163.8,1881.3,0x0,,,
1791004416.3082938,41.4,14.0,1700.0,0.74755859375,2162.2,1882.9,0x0,,,
1791004417.321416,41.4,10.3,1600.0,0.74755859375,2164.9,1880.2,0x0,,,
1791004418.3351886,41.4,11.2,1600.0,0.76806640625,2160.8,1884.3,0x0,,,
1791004419.350116,40.2,12.5,1600.0,0.76806640625,2167.3,1877.8,0x0,,,
1791004420.3639984,40.8,11.7,1600.0,0.76806640625,2175.9,1869.1,0x0,,,
1791004421.3785985,40.2,8.5,1600.0,0.76806640625,2177.1,1868.0,0x0,,,
1791004422.3921766,40.2,7.0,1600.0,0.76806640625,2174.9,1870.2,0x0,,,
1791004423.405912,40.8,9.1,1800.0,0.70654296875,2172.3,1872.8,0x0,,,
1791004424.4182508,40.2,9.0,1700.0,0.70654296875,2172.7,1872.3,0x0,,,
1791004425.431504,40.2,7.2,1600.0,0.70654296875,2167.3,1877.8,0x0,,,
1791004426.445035,40.2,7.8,1500.0,0.70654296875,2161.2,1883.9,0x0,,,
1791004427.4609997,39.1,5.7,1700.0,0.70654296875,2158.6,1886.4,0x0,,,
1791004428.4743142,38.6,5.9,1500.0,0.64990234375,2163.2,1881.8,0x0,,,
1791004429.4894614,39.7,7.9,1500.0,0.64990234375,2164.1,1881.0,0x0,,,
1791004430.503729,39.7,5.2,1500.0,0.64990234375,2166.4,1878.6,0x0,,,
1791004431.5179496,39.1,5.7,1600.0,0.64990234375,2171.3,1873.7,0x0,,,
1791004432.531522,40.2,9.1,1600.0,0.59765625,2168.6,1876.5,0x0,,,
1791004433.5450742,39.1,7.2,1700.0,0.59765625,2165.2,1879.9,0x0,,,
1791004434.5579214,40.8,11.2,1700.0,0.59765625,2174.8,1870.3,0x0,,,
1791004435.5715845,40.2,11.6,1600.0,0.59765625,2177.0,1868.0,0x0,,,
1791004436.586015,41.4,12.7,1700.0,0.59765625,2173.5,1871.6,0x0,,,
1791004437.5993493,40.8,11.9,1600.0,0.54931640625,2168.6,1876.4,0x0,,,
1791004438.6152465,39.7,11.2,1600.0,0.54931640625,2167.8,1877.2,0x0,,,
1791004439.628986,40.2,10.3,1600.0,0.54931640625,2168.9,1876.2,0x0,,,
1791004440.642824,41.4,12.1,1600.0,0.54931640625,2165.8,1879.2,0x0,,,
1791004441.6565273,40.8,11.9,1700.0,0.54931640625,2165.9,1879.2,0x0,,,
1791004442.669706,39.7,11.0,1700.0,0.66552734375,2168.0,1877.0,0x0,,,
1791004443.682922,40.8,11.9,1700.0,0.66552734375,2171.2,1873.8,0x0,,,
1791004444.6960812,40.8,11.0,1700.0,0.66552734375,2171.9,1873.2,0x0,,,
1791004445.7096372,41.4,11.7,1700.0,0.66552734375,2175.7,1869.4,0x0,,,
1791004446.7225218,41.9,14.0,1600.0,0.66552734375,2172.0,1873.1,0x0,,,
1791004447.7363858,40.8,11.1,1600.0,0.61181640625,2169.4,1875.7,0x0,,,
1791004448.7505307,40.2,9.8,1600.0,0.61181640625,2164.9,1880.1,0x0,,,
1791004449.7653217,41.4,12.2,1600.0,0.61181640625,2163.2,1881.8,0x0,,,
1791004450.7792442,41.9,11.7,1700.0,0.61181640625,2164.1,1880.9,0x0,,,
1791004451.7921896,40.2,11.7,1700.0,0.61181640625,2161.4,1883.7,0x0,,,
1791004452.8052657,40.8,13.2,1600.0,0.5625,2165.5,1879.5,0x0,,,
1791004453.8190658,39.7,12.0,1600.0,0.5625,2163.0,1882.0,0x0,,,
1791004454.8330092,40.8,10.5,1800.0,0.5625,2165.0,1880.0,0x0,,,
1791004455.8468018,40.8,11.0,1700.0,0.5625,2164.1,1881.0,0x0,,,
1791004456.8599985,41.4,12.4,1600.0,0.5625,2165.1,1880.0,0x0,,,
1791004457.8764143,40.8,12.7,1600.0,0.677734375,2165.4,1879.6,0x0,,,
1791004458.8933594,39.7,13.4,1600.0,0.677734375,2163.5,1881.6,0x0,,,
1791004459.9073687,40.8,13.0,1600.0,0.677734375,2161.8,1883.3,0x0,,,
1791004460.9214256,39.7,11.5,1700.0,0.677734375,2164.5,1880.6,0x0,,,
1791004461.9348032,40.8,11.0,1600.0,0.677734375,2167.6,1877.5,0x0,,,
1791004462.948794,41.4,9.7,1700.0,0.623046875,2164.4,1880.7,0x0,,,
1791004463.9619606,39.7,10.5,1700.0,0.623046875,2162.4,1882.6,0x0,,,
1791004464.9754982,39.7,11.2,1700.0,0.623046875,2162.5,1882.6,0x0,,,
1791004465.9889412,40.8,14.1,1600.0,0.623046875,2164.0,1881.1,0x0,,,
1791004467.0027008,40.8,13.2,1600.0,0.623046875,2163.5,1881.6,0x0,,,
1791004468.0177307,40.2,10.7,1600.0,0.57275390625,2164.8,1880.3,0x0,,,
1791004469.0317044,39.7,10.6,1600.0,0.57275390625,2161.9,1883.1,0x0,,,
1791004470.045411,41.4,10.8,1600.0,0.57275390625,2165.5,1879.5,0x0,,,
1791004471.0591273,40.8,8.5,1600.0,0.57275390625,2170.3,1874.7,0x0,,,
1791004472.073157,39.7,12.0,1600.0,0.57275390625,2173.9,1871.2,0x0,,,
1791004473.0875967,40.8,13.7,1700.0,0.607421875,2173.1,1872.0,0x0,,,
1791004474.1011295,40.8,12.7,1700.0,0.607421875,2171.9,1873.1,0x0,,,
1791004475.115716,40.8,11.6,1600.0,0.607421875,2166.6,1878.5,0x0,,,
1791004476.1301074,41.9,12.8,1600.0,0.607421875,2170.2,1874.8,0x0,,,
1791004477.1442049,41.4,11.0,1700.0,0.607421875,2167.2,1877.9,0x0,,,
1791004478.173027,40.8,10.7,1600.0,0.63916015625,2167.5,1877.6,0x0,,,
1791004479.1876974,40.2,10.6,1700.0,0.63916015625,2163.4,1881.7,0x0,,,
1791004480.2023146,39.7,11.3,1600.0,0.63916015625,2169.3,1875.7,0x0,,,
1791004481.216104,40.8,11.5,1600.0,0.63916015625,2168.3,1876.8,0x0,,,
1791004482.229953,40.8,12.9,1700.0,0.63916015625,2169.9,1875.1,0x0,,,
1791004483.2430928,41.4,14.4,1700.0,0.587890625,2169.5,1875.5,0x0,,,
1791004484.2571952,41.9,12.6,1700.0,0.587890625,2170.7,1874.4,0x0,,,
1791004485.2714148,39.7,11.9,1700.0,0.587890625,2166.3,1878.8,0x0,,,
1791004486.284698,41.4,11.2,1600.0,0.587890625,2166.8,1878.3,0x0,,,
1791004487.298492,40.8,11.8,1600.0,0.587890625,2166.2,1878.9,0x0,,,
1791004488.317218,39.7,11.1,1600.0,0.54052734375,2165.8,1879.2,0x0,,,
1791004489.331701,40.2,12.0,1600.0,0.54052734375,2166.6,1878.4,0x0,,,
1791004490.3452313,40.8,14.0,1700.0,0.54052734375,2167.0,1878.0,0x0,,,
1791004491.3582258,41.9,11.3,1600.0,0.54052734375,2163.1,1881.9,0x0,,,
1791004492.372523,41.4,12.4,1700.0,0.54052734375,2163.1,1882.0,0x0,,,
1791004493.3857865,39.7,12.6,1600.0,0.4970703125,2167.3,1877.8,0x0,,,
1791004494.399633,40.8,12.4,1700.0,0.4970703125,2170.0,1875.1,0x0,,,
1791004495.414801,41.4,11.4,1800.0,0.4970703125,2173.3,1871.8,0x0,,,
1791004496.4271257,39.7,12.3,1600.0,0.4970703125,2168.4,1876.7,0x0,,,
1791004497.440916,40.8,13.1,1600.0,0.4970703125,2167.4,1877.7,0x0,,,
1791004498.4565396,39.1,13.8,1900.0,0.45703125,2172.3,1872.8,0x0,,,
1791004499.4681394,40.8,8.7,1600.0,0.45703125,2174.1,1871.0,0x0,,,
1791004500.4816265,40.2,6.7,1600.0,0.45703125,2174.1,1870.9,0x0,,,
1791004501.4954202,41.4,8.9,1700.0,0.45703125,2173.6,1871.5,0x0,,,
1791004502.5081933,40.2,7.5,1600.0,0.45703125,2175.6,1869.5,0x0,,,
1791004503.5217628,40.8,8.2,1600.0,0.42041015625,2168.0,1877.0,0x0,,,
1791004504.5357835,40.2,8.4,1700.0,0.42041015625,2168.4,1876.7,0x0,,,
1791004505.5485883,39.7,6.0,1700.0,0.42041015625,2168.7,1876.3,0x0,,,
1791004506.56135,40.2,6.2,1500.0,0.42041015625,2166.1,1878.9,0x0,,,
1791004507.575783,39.7,8.3,1500.0,0.42041015625,2163.7,1881.4,0x0,,,
1791004508.5906863,39.7,6.0,1500.0,0.38671875,2162.5,1882.6,0x0,,,
1791004509.6047657,39.1,6.2,1600.0,0.38671875,2158.5,1886.6,0x0,,,
1791004510.618214,40.2,6.7,1600.0,0.38671875,2159.6,1885.4,0x0,,,
1791004511.6317542,39.7,6.5,1500.0,0.38671875,2161.0,1884.1,0x0,,,
1791004512.6458302,39.1,6.8,1700.0,0.35546875,2165.8,1879.3,0x0,,,
1791004513.6587512,38.6,7.9,1700.0,0.35546875,2163.4,1881.6,0x0,,,
1791004514.6726341,39.7,7.7,1500.0,0.35546875,2162.1,1882.9,0x0,,,
1791004515.6858485,38.0,7.9,1600.0,0.35546875,2158.9,1886.2,0x0,,,
1791004516.699498,39.1,8.8,1500.0,0.35546875,2158.2,1886.8,0x0,,,
1791004517.716675,39.7,9.5,1500.0,0.32666015625,2156.9,1888.2,0x0,,,
1791004518.7308657,39.1,10.0,1600.0,0.32666015625,2160.9,1884.2,0x0,,,
1791004519.7445133,40.8,12.8,1600.0,0.32666015625,2177.1,1868.0,0x0,,,
1791004520.7593455,39.1,12.5,1600.0,0.32666015625,2178.0,1867.0,0x0,,,
1791004521.7737544,40.8,11.4,1700.0,0.32666015625,2179.1,1866.0,0x0,,,
1791004522.786876,41.4,12.2,1700.0,0.541015625,2172.1,1873.0,0x0,,,
1791004523.8001878,40.2,11.7,1700.0,0.541015625,2174.2,1870.9,0x0,,,
1791004524.8140075,40.8,10.6,1600.0,0.541015625,2175.7,1869.4,0x0,,,
1791004525.8279843,41.9,11.3,1600.0,0.541015625,2175.3,1869.8,0x0,,,
1791004526.8424263,40.2,11.0,1600.0,0.541015625,2169.8,1875.3,0x0,,,
1791004527.857861,39.1,11.1,1600.0,0.578125,2166.2,1878.9,0x0,,,
1791004528.8715615,40.2,11.9,1600.0,0.578125,2170.1,1874.9,0x0,,,
1791004529.8876226,40.8,11.0,1600.0,0.578125,2167.7,1877.4,0x0,,,
1791004530.9013383,41.4,11.1,1700.0,0.578125,2166.0,1879.1,0x0,,,
1791004531.9145396,41.9,12.5,1700.0,0.578125,2164.7,1880.4,0x0,,,
1791004532.927588,41.4,11.1,1800.0,0.53173828125,2165.3,1879.8,0x0,,,
1791004533.9401765,41.4,9.8,1700.0,0.53173828125,2161.2,1883.9,0x0,,,
1791004534.9536505,40.8,11.4,1600.0,0.53173828125,2163.5,1881.6,0x0,,,
1791004535.9675393,40.8,14.0,1600.0,0.53173828125,2168.0,1877.1,0x0,,,
1791004536.9820738,40.2,10.0,1600.0,0.53173828125,2168.2,1876.8,0x0,,,
1791004537.9972208,40.8,13.5,1600.0,0.6494140625,2165.7,1879.4,0x0,,,
1791004539.0107784,40.8,10.8,1600.0,0.6494140625,2170.9,1874.2,0x0,,,
1791004540.024576,40.2,10.6,1600.0,0.6494140625,2171.8,1873.2,0x0,,,
1791004541.0384347,40.8,13.6,1700.0,0.6494140625,2169.0,1876.1,0x0,,,
1791004542.0515628,40.8,11.7,1800.0,0.6494140625,2168.1,1877.0,0x0,,,
1791004543.0641093,40.8,12.3,1700.0,0.59716796875,2170.2,1874.8,0x0,,,
1791004544.077282,39.1,11.2,1600.0,0.59716796875,2174.0,1871.0,0x0,,,
1791004545.0913808,40.2,11.5,1600.0,0.59716796875,2172.6,1872.4,0x0,,,
1791004546.1047382,40.2,9.8,1600.0,0.59716796875,2173.1,1871.9,0x0,,,
1791004547.1205895,40.2,11.2,1600.0,0.59716796875,2168.2,1876.9,0x0,,,
1791004548.1352606,39.1,12.2,1600.0,0.6298828125,2169.3,1875.8,0x0,,,
1791004549.1490355,40.2,12.2,1600.0,0.6298828125,2168.7,1876.4,0x0,,,
1791004550.1625364,40.8,11.5,1600.0,0.6298828125,2167.1,1878.0,0x0,,,
1791004551.1764393,40.8,11.0,1600.0,0.6298828125,2166.2,1878.9,0x0,,,
1791004552.1903193,40.8,11.0,1700.0,0.6298828125,2162.6,1882.4,0x0,,,
1791004553.2034144,40.8,12.0,1700.0,0.5791015625,2164.2,1880.9,0x0,,,
1791004554.2520082,41.4,12.4,1600.0,0.5791015625,2161.2,1883.9,0x0,,,
1791004555.2661026,40.8,11.7,1600.0,0.5791015625,2164.2,1880.8,0x0,,,
1791004556.2789848,40.8,11.6,1600.0,0.5791015625,2166.0,1879.0,0x0,,,
1791004557.2944715,39.7,11.3,1500.0,0.5791015625,2171.2,1873.8,0x0,,,
1791004558.3086631,40.2,9.0,1500.0,0.53271484375,2175.7,1869.4,0x0,,,
1791004559.3233788,40.8,11.8,1900.0,0.53271484375,2188.4,1856.7,0x0,,,
1791004560.3351214,40.8,8.2,1700.0,0.53271484375,2194.3,1850.8,0x0,,,
1791004561.348203,41.4,8.6,1600.0,0.53271484375,2194.5,1850.5,0x0,,,
1791004562.3618207,39.7,11.0,1700.0,0.53271484375,2192.8,1852.3,0x0,,,
1791004563.375067,40.2,6.9,1700.0,0.48974609375,2188.0,1857.0,0x0,,,
1791004564.3881564,40.2,6.2,1500.0,0.48974609375,2185.1,1860.0,0x0,,,
1791004565.40293,40.2,6.4,1500.0,0.48974609375,2177.8,1867.2,0x0,,,
1791004566.4169886,39.7,6.2,1500.0,0.48974609375,2177.9,1867.2,0x0,,,
1791004567.4340122,39.7,7.9,1500.0,0.48974609375,2179.7,1865.3,0x0,,,
1791004568.448396,39.1,6.9,1500.0,0.4501953125,2177.8,1867.2,0x0,,,
1791004569.4625437,39.7,6.7,1600.0,0.4501953125,2184.0,1861.1,0x0,,,
1791004570.476178,39.7,7.4,1600.0,0.4501953125,2180.1,1864.9,0x0,,,
1791004571.4898453,39.7,6.7,1600.0,0.4501953125,2181.5,1863.5,0x0,,,
1791004572.5035481,40.8,10.1,1800.0,0.4501953125,2192.2,1852.9,0x0,,,
1791004573.5162327,39.1,12.7,1700.0,0.49462890625,2193.7,1851.3,0x0,,,
1791004574.5296474,41.9,12.8,1600.0,0.49462890625,2192.0,1853.0,0x0,,,
1791004575.5450435,40.2,12.2,1600.0,0.49462890625,2192.0,1853.0,0x0,,,
1791004576.5602658,41.4,11.1,1600.0,0.49462890625,2189.1,1856.0,0x0,,,
1791004577.574857,40.8,11.8,1600.0,0.49462890625,2187.9,1857.2,0x0,,,
1791004578.5889683,41.4,13.8,1600.0,0.6953125,2185.2,1859.8,0x0,,,
1791004579.6028674,40.2,11.5,1600.0,0.6953125,2179.7,1865.4,0x0,,,
1791004580.6170425,39.7,10.6,1700.0,0.6953125,2183.9,1861.1,0x0,,,
1791004581.630217,40.8,12.1,1700.0,0.6953125,2183.4,1861.7,0x0,,,
1791004582.6467586,40.8,8.8,2400.0,0.6953125,2186.5,1858.6,0x0,,,
1791004583.6574259,41.4,9.0,2400.0,0.7998046875,2183.8,1861.2,0x0,,,
1791004584.667841,41.4,9.0,2400.0,0.7998046875,2183.5,1861.5,0x0,,,
1791004585.67791,41.4,7.8,2400.0,0.7998046875,2183.3,1861.7,0x0,,,
1791004586.68962,40.8,8.6,1600.0,0.7998046875,2187.4,1857.7,0x0,,,
1791004587.7039316,39.7,10.8,1500.0,0.7353515625,2196.0,1849.0,0x0,,,
1791004588.7184682,40.2,8.2,1600.0,0.7353515625,2193.5,1851.6,0x0,,,
1791004589.7320702,40.8,10.9,1700.0,0.7353515625,2176.5,1868.5,0x0,,,
1791004590.7449114,39.7,13.6,1700.0,0.7353515625,2174.4,1870.6,0x0,,,
1791004591.7580938,40.8,10.6,1700.0,0.7353515625,2176.6,1868.5,0x0,,,
1791004592.7712767,40.8,12.1,1600.0,0.67626953125,2180.2,1864.9,0x0,,,
1791004593.8116755,40.8,11.5,1700.0,0.67626953125,2171.5,1873.6,0x0,,,
1791004594.8262064,41.4,11.4,1800.0,0.67626953125,2167.9,1877.1,0x0,,,
1791004595.839013,40.8,12.8,1600.0,0.67626953125,2168.9,1876.2,0x0,,,
1791004596.856137,40.2,11.4,1600.0,0.67626953125,2169.8,1875.2,0x0,,,
1791004597.8705797,40.8,12.4,1600.0,0.6220703125,2167.8,1877.3,0x0,,,
1791004598.8843923,41.4,12.5,1700.0,0.6220703125,2169.3,1875.7,0x0,,,
1791004599.9016168,41.4,12.4,1600.0,0.6220703125,2170.1,1874.9,0x0,,,
1791004600.9192996,40.8,11.5,1800.0,0.6220703125,2168.3,1876.7,0x0,,,
1791004601.9332938,40.8,11.5,1700.0,0.6220703125,2169.0,1876.0,0x0,,,
1791004602.946333,41.9,10.3,1700.0,0.57177734375,2170.4,1874.7,0x0,,,
1791004603.9618726,41.4,11.5,1700.0,0.57177734375,2173.7,1871.4,0x0,,,
1791004604.9763281,41.4,11.5,1600.0,0.57177734375,2171.0,1874.0,0x0,,,
1791004605.9902685,40.8,10.8,1600.0,0.57177734375,2170.6,1874.4,0x0,,,
1791004607.0064003,41.4,10.9,1700.0,0.57177734375,2170.7,1874.4,0x0,,,
1791004608.020494,39.7,11.9,1600.0,0.52587890625,2168.5,1876.5,0x0,,,
1791004609.0346854,41.9,12.0,1600.0,0.52587890625,2171.2,1873.9,0x0,,,
1791004610.0500336,40.8,11.8,1600.0,0.52587890625,2172.5,1872.5,0x0,,,
1791004611.064473,40.2,12.6,1700.0,0.52587890625,2170.6,1874.5,0x0,,,
1791004612.0778978,41.4,13.9,1800.0,0.52587890625,2168.0,1877.1,0x0,,,
1791004613.090519,40.2,12.1,1800.0,0.56396484375,2165.1,1880.0,0x0,,,
1791004614.1044943,39.7,12.2,1700.0,0.56396484375,2166.5,1878.5,0x0,,,
1791004615.1176887,40.2,12.1,1600.0,0.56396484375,2166.6,1878.4,0x0,,,
1791004616.1355538,40.8,10.6,1600.0,0.56396484375,2164.3,1880.7,0x0,,,
1791004617.1569252,40.8,9.1,1500.0,0.56396484375,2174.6,1870.5,0x0,,,
1791004618.1721647,40.2,7.2,1500.0,0.5185546875,2175.9,1869.2,0x0,,,
1791004619.2042835,40.8,7.1,2400.0,0.5185546875,2173.9,1871.2,0x0,,,
1791004620.2183118,40.8,5.7,2400.0,0.5185546875,2174.6,1870.4,0x0,,,
1791004621.2320065,41.4,4.0,2400.0,0.5185546875,2173.5,1871.6,0x0,,,
1791004622.2457595,40.8,5.5,2400.0,0.5185546875,2173.3,1871.7,0x0,,,
1791004623.3584962,40.2,11.2,1700.0,0.4765625,2180.4,1864.6,0x0,,,
1791004624.371756,41.4,11.6,1600.0,0.4765625,2187.4,1857.6,0x0,,,
1791004625.3873324,41.4,12.9,1600.0,0.4765625,2184.6,1860.5,0x0,,,
1791004626.4013126,40.8,14.1,1700.0,0.4765625,2181.3,1863.7,0x0,,,
1791004627.4146764,40.8,10.8,1700.0,0.4765625,2174.6,1870.4,0x0,,,
1791004628.4282415,41.4,11.8,1800.0,0.5185546875,2171.5,1873.5,0x0,,,
1791004629.4408553,40.8,11.7,1600.0,0.5185546875,2169.4,1875.7,0x0,,,
1791004630.4568653,39.7,10.5,1600.0,0.5185546875,2169.9,1875.2,0x0,,,
1791004631.4713342,41.4,12.1,1600.0,0.5185546875,2169.7,1875.4,0x0,,,
1791004632.4850183,41.9,12.3,1600.0,0.5185546875,2169.5,1875.6,0x0,,,
1791004633.4990628,41.4,11.5,1700.0,0.4765625,2168.6,1876.5,0x0,,,
1791004634.5123253,39.7,11.3,1600.0,0.4765625,2169.4,1875.6,0x0,,,
1791004635.5304315,40.8,11.4,1700.0,0.4765625,2166.5,1878.6,0x0,,,
1791004636.5475733,40.8,11.2,1700.0,0.4765625,2166.9,1878.2,0x0,,,
1791004637.5653746,39.7,13.0,1600.0,0.4765625,2166.9,1878.2,0x0,,,
1791004638.583267,41.9,12.6,1700.0,0.43798828125,2165.3,1879.8,0x0,,,
1791004639.596668,41.4,12.6,1600.0,0.43798828125,2169.0,1876.1,0x0,,,
1791004640.6117768,40.8,9.1,1500.0,0.43798828125,2176.5,1868.6,0x0,,,
1791004641.6311717,39.7,7.4,1600.0,0.43798828125,2178.9,1866.1,0x0,,,
1791004642.6487799,40.8,7.6,1600.0,0.43798828125,2176.6,1868.5,0x0,,,
1791004643.666325,39.7,7.2,1600.0,0.40283203125,2180.3,1864.8,0x0,,,
1791004644.6843743,40.2,7.0,1600.0,0.40283203125,2178.8,1866.2,0x0,,,
1791004645.6980042,40.2,7.0,1600.0,0.40283203125,2171.7,1873.3,0x0,,,
1791004646.7156746,40.8,7.2,1600.0,0.40283203125,2171.5,1873.5,0x0,,,
1791004647.7337751,39.7,7.9,1700.0,0.40283203125,2169.9,1875.1,0x0,,,
1791004648.7515774,40.2,9.6,1700.0,0.3701171875,2169.1,1876.0,0x0,,,
1791004649.7694395,39.7,7.9,1500.0,0.3701171875,2167.4,1877.7,0x0,,,
1791004650.788473,38.6,6.9,1500.0,0.3701171875,2165.8,1879.2,0x0,,,
1791004651.804259,39.7,6.2,1500.0,0.3701171875,2163.1,1882.0,0x0,,,
1791004652.819262,39.7,7.7,1600.0,0.34033203125,2162.8,1882.3,0x0,,,
1791004653.833738,39.1,7.2,1600.0,0.34033203125,2165.2,1879.9,0x0,,,
1791004654.8476403,38.6,7.3,1600.0,0.34033203125,2165.6,1879.5,0x0,,,
1791004655.865595,39.1,5.7,1600.0,0.34033203125,2169.0,1876.1,0x0,,,
1791004656.8835177,39.1,6.0,1700.0,0.34033203125,2171.7,1873.4,0x0,,,
1791004657.9008524,39.1,7.6,1700.0,0.31298828125,2168.7,1876.4,0x0,,,
1791004658.9186347,40.8,6.7,1700.0,0.31298828125,2162.9,1882.1,0x0,,,
1791004659.9318604,40.2,7.1,1700.0,0.31298828125,2166.7,1878.3,0x0,,,
1791004660.9487875,39.7,6.2,1600.0,0.31298828125,2164.8,1880.3,0x0,,,
1791004661.9667816,39.7,6.1,1500.0,0.31298828125,2162.1,1883.0,0x0,,,
1791004662.9916224,39.1,8.9,1600.0,0.28759765625,2161.4,1883.6,0x0,,,
1791004664.0094957,39.7,13.3,1700.0,0.28759765625,2173.0,1872.1,0x0,,,
1791004665.0231633,40.8,13.1,1700.0,0.28759765625,2179.5,1865.5,0x0,,,
1791004666.0361876,40.8,13.4,1600.0,0.28759765625,2181.1,1864.0,0x0,,,
1791004667.0499756,40.8,10.3,1700.0,0.28759765625,2180.2,1864.8,0x0,,,
1791004668.0632927,40.2,10.2,1800.0,0.26416015625,2172.8,1872.3,0x0,,,
1791004669.0755913,40.8,10.8,1700.0,0.26416015625,2169.8,1875.2,0x0,,,
1791004670.0888047,40.2,13.3,1600.0,0.26416015625,2173.7,1871.3,0x0,,,
1791004671.1031973,41.4,12.3,1700.0,0.26416015625,2170.9,1874.2,0x0,,,
1791004672.1372497,41.4,11.6,1600.0,0.26416015625,2173.0,1872.0,0x0,,,
1791004673.153821,40.2,12.3,1700.0,0.24267578125,2171.7,1873.4,0x0,,,
1791004674.1681092,40.8,12.8,1600.0,0.24267578125,2173.4,1871.7,0x0,,,
1791004675.1822078,40.2,11.4,1600.0,0.24267578125,2173.9,1871.2,0x0,,,
1791004676.1964145,41.4,11.6,1600.0,0.24267578125,2177.4,1867.7,0x0,,,
1791004677.2110415,40.2,10.3,1600.0,0.24267578125,2174.0,1871.1,0x0,,,
1791004678.2247598,40.8,10.4,1800.0,0.22314453125,2172.2,1872.9,0x0,,,
1791004679.2375243,39.7,10.6,1600.0,0.22314453125,2176.4,1868.7,0x0,,,
1791004680.2516778,40.2,7.2,1500.0,0.22314453125,2178.0,1867.0,0x0,,,
1791004681.2655964,40.2,8.4,1700.0,0.22314453125,2177.3,1867.8,0x0,,,
1791004682.278602,39.1,12.4,1600.0,0.22314453125,2178.2,1866.8,0x0,,,
1791004683.2978184,40.2,11.7,1600.0,0.28564453125,2176.0,1869.1,0x0,,,
1791004684.3156176,40.8,11.0,1600.0,0.28564453125,2176.7,1868.4,0x0,,,
1791004685.3343441,40.8,10.3,1600.0,0.28564453125,2175.1,1869.9,0x0,,,
1791004686.3526201,40.2,10.3,1700.0,0.28564453125,2178.2,1866.9,0x0,,,
1791004687.37091,40.8,10.8,1600.0,0.28564453125,2176.0,1869.0,0x0,,,
1791004688.3858705,40.2,14.1,1700.0,0.2626953125,2174.6,1870.5,0x0,,,
1791004689.3991652,40.8,11.9,2400.0,0.2626953125,2174.2,1870.8,0x0,,,
1791004690.4093816,41.4,10.1,2400.0,0.2626953125,2174.6,1870.5,0x0,,,
1791004691.42474,40.8,9.7,2400.0,0.2626953125,2175.0,1870.0,0x0,,,
1791004692.438705,41.4,8.2,2400.0,0.2626953125,2174.7,1870.4,0x0,,,
1791004693.4509008,41.4,9.5,2400.0,0.2412109375,2175.2,1869.9,0x0,,,
1791004694.465478,40.8,8.6,1700.0,0.2412109375,2173.0,1872.0,0x0,,,
1791004695.4808288,40.8,11.3,1700.0,0.2412109375,2175.1,1869.9,0x0,,,
1791004696.4954743,40.8,11.0,1700.0,0.2412109375,2173.6,1871.5,0x0,,,
1791004697.509033,41.9,11.0,1600.0,0.2412109375,2170.5,1874.5,0x0,,,
1791004698.527495,40.8,11.6,1700.0,0.2216796875,2171.0,1874.0,0x0,,,
1791004699.545381,40.8,14.2,1600.0,0.2216796875,2170.8,1874.2,0x0,,,
1791004700.584602,40.2,16.6,1700.0,0.2216796875,2172.0,1873.0,0x0,,,
1791004701.5997689,40.8,11.2,1700.0,0.2216796875,2168.8,1876.3,0x0,,,
1791004702.6127985,40.8,10.4,1700.0,0.2216796875,2171.0,1874.1,0x0,,,
1791004703.6260111,41.4,9.4,1600.0,0.2841796875,2173.9,1871.2,0x0,,,
1791004704.6420958,40.8,11.3,1600.0,0.2841796875,2175.9,1869.2,0x0,,,
1791004705.6599212,40.2,11.7,1600.0,0.2841796875,2176.3,1868.7,0x0,,,
1791004706.6778934,40.2,14.3,1800.0,0.2841796875,2171.2,1873.8,0x0,,,
1791004707.696008,39.7,12.5,1700.0,0.2841796875,2170.0,1875.0,0x0,,,
1791004708.7091758,41.4,11.9,1700.0,0.421875,2170.0,1875.1,0x0,,,
1791004709.7262905,40.2,12.2,1700.0,0.421875,2170.8,1874.3,0x0,,,
1791004710.7433736,40.2,11.5,1700.0,0.421875,2175.4,1869.6,0x0,,,
1791004711.7608511,40.8,11.4,1700.0,0.421875,2174.8,1870.2,0x0,,,
1791004712.778258,40.8,10.9,1600.0,0.421875,2175.3,1869.7,0x0,,,
1791004713.7967296,40.2,10.5,1700.0,0.46826171875,2170.5,1874.5,0x0,,,
1791004714.8112948,40.8,11.2,1600.0,0.46826171875,2168.0,1877.1,0x0,,,
1791004715.8262806,41.4,11.5,1600.0,0.46826171875,2169.6,1875.4,0x0,,,
1791004716.8405714,40.2,13.0,1600.0,0.46826171875,2169.8,1875.3,0x0,,,
1791004717.8544967,39.7,12.4,1700.0,0.4306640625,2167.3,1877.7,0x0,,,
1791004718.867664,40.8,11.2,1600.0,0.4306640625,2164.9,1880.2,0x0,,,
1791004719.8814688,39.7,11.6,1700.0,0.4306640625,2166.9,1878.2,0x0,,,
1791004720.8987408,39.7,11.9,1700.0,0.4306640625,2167.2,1877.9,0x0,,,
1791004721.9128103,41.9,11.1,1800.0,0.4306640625,2168.9,1876.2,0x0,,,
1791004722.9266663,40.2,11.4,1700.0,0.556640625,2169.6,1875.4,0x0,,,
1791004723.9397774,41.4,11.9,1600.0,0.556640625,2171.2,1873.9,0x0,,,
1791004724.9554968,41.9,11.0,1600.0,0.556640625,2168.0,1877.0,0x0,,,
1791004725.974097,39.7,11.8,1600.0,0.556640625,2170.1,1874.9,0x0,,,
1791004726.991961,40.8,11.7,1600.0,0.556640625,2168.5,1876.6,0x0,,,
1791004728.0098538,40.8,13.3,1600.0,0.51171875,2167.6,1877.5,0x0,,,
1791004729.023808,41.4,12.8,1700.0,0.51171875,2170.6,1874.5,0x0,,,
1791004730.036772,40.2,11.3,1700.0,0.51171875,2171.5,1873.6,0x0,,,
1791004731.054169,40.8,11.4,1700.0,0.51171875,2168.3,1876.7,0x0,,,
1791004732.0713444,40.8,12.0,1700.0,0.51171875,2173.0,1872.0,0x0,,,
1791004733.090669,41.4,13.1,1600.0,0.470703125,2171.5,1873.5,0x0,,,
1791004734.1085985,40.8,13.9,1700.0,0.470703125,2173.5,1871.5,0x0,,,
1791004735.1216662,40.8,10.9,1600.0,0.470703125,2167.1,1878.0,0x0,,,
1791004736.1360304,40.8,10.1,1600.0,0.470703125,2167.8,1877.3,0x0,,,
1791004737.1499033,40.8,11.2,1600.0,0.470703125,2171.5,1873.5,0x0,,,
1791004738.163607,39.1,8.7,1600.0,0.4326171875,2175.6,1869.5,0x0,,,
1791004739.181096,40.2,9.1,1600.0,0.4326171875,2175.2,1869.9,0x0,,,
1791004740.1986468,40.8,7.8,1700.0,0.4326171875,2175.9,1869.2,0x0,,,
1791004741.2160633,40.2,6.0,1600.0,0.4326171875,2179.3,1865.8,0x0,,,
1791004742.233679,40.2,6.7,1600.0,0.4326171875,2173.1,1872.0,0x0,,,
1791004743.2517831,40.2,6.0,1700.0,0.478515625,2168.7,1876.3,0x0,,,
1791004744.2689188,40.2,6.0,1500.0,0.478515625,2169.2,1875.9,0x0,,,
1791004745.2874398,39.1,6.0,1500.0,0.478515625,2170.0,1875.1,0x0,,,
1791004746.3040369,40.2,6.2,1500.0,0.478515625,2168.8,1876.2,0x0,,,
1791004747.322792,39.1,6.4,1600.0,0.478515625,2165.5,1879.6,0x0,,,
1791004748.3362756,39.1,7.4,1600.0,0.6806640625,2166.7,1878.4,0x0,,,
1791004749.3505845,40.2,10.0,1900.0,0.6806640625,2164.6,1880.4,0x0,,,
1791004750.3623033,40.2,9.0,1600.0,0.6806640625,2164.8,1880.3,0x0,,,
1791004751.375745,39.7,8.0,1600.0,0.6806640625,2165.8,1879.3,0x0,,,
1791004752.393551,40.8,11.8,1700.0,0.6806640625,2178.9,1866.2,0x0,,,
1791004753.4109223,40.8,13.7,1600.0,0.6259765625,2183.1,1861.9,0x0,,,
1791004754.430465,40.8,11.9,1600.0,0.6259765625,2181.5,1863.6,0x0,,,
1791004755.4479775,41.9,12.1,1700.0,0.6259765625,2176.2,1868.8,0x0,,,
1791004756.4627569,40.8,12.4,1600.0,0.6259765625,2173.4,1871.7,0x0,,,
1791004757.4774942,40.8,12.8,1600.0,0.6259765625,2173.1,1872.0,0x0,,,
1791004758.4912863,40.2,12.2,1700.0,0.65625,2173.3,1871.7,0x0,,,
1791004759.5043538,39.7,11.3,1700.0,0.65625,2174.8,1870.2,0x0,,,
1791004760.517348,39.7,12.0,1700.0,0.65625,2169.5,1875.5,0x0,,,
1791004761.534374,39.7,11.3,1700.0,0.65625,2165.8,1879.3,0x0,,,
1791004762.5514665,40.8,13.0,1800.0,0.65625,2170.4,1874.6,0x0,,,
1791004763.568988,40.8,12.6,1700.0,0.68408203125,2173.0,1872.1,0x0,,,
1791004764.582303,40.8,12.2,1700.0,0.68408203125,2168.1,1876.9,0x0,,,
1791004765.5954819,40.8,12.6,1600.0,0.68408203125,2169.2,1875.8,0x0,,,
1791004766.6133635,39.7,11.6,1600.0,0.68408203125,2169.7,1875.4,0x0,,,
1791004767.6288228,40.2,12.1,1600.0,0.68408203125,2176.7,1868.4,0x0,,,
1791004768.646945,40.2,11.4,1600.0,0.78955078125,2177.7,1867.4,0x0,,,
1791004769.6649866,40.2,12.3,1600.0,0.78955078125,2177.5,1867.5,0x0,,,
1791004770.6795187,40.8,14.0,1600.0,0.78955078125,2180.1,1865.0,0x0,,,
1791004771.6986308,39.1,12.7,1700.0,0.78955078125,2172.5,1872.6,0x0,,,
1791004772.7163355,40.2,12.6,1900.0,0.78955078125,2179.1,1865.9,0x0,,,
1791004773.732558,40.8,12.1,1700.0,0.72607421875,2181.1,1864.0,0x0,,,
1791004774.7509494,40.8,11.1,1700.0,0.72607421875,2177.2,1867.9,0x0,,,
1791004775.7687154,40.8,14.3,1700.0,0.72607421875,2177.8,1867.2,0x0,,,
1791004776.7819653,40.2,11.6,1600.0,0.72607421875,2173.8,1871.2,0x0,,,
1791004777.7975736,40.2,13.9,1600.0,0.72607421875,2174.8,1870.2,0x0,,,
1791004778.8114638,40.2,13.3,1600.0,0.908203125,2167.9,1877.1,0x0,,,
1791004779.8296196,40.2,13.3,1600.0,0.908203125,2168.6,1876.4,0x0,,,
1791004780.8474796,39.7,11.0,1700.0,0.908203125,2169.0,1876.0,0x0,,,
1791004781.864618,40.8,11.9,1700.0,0.908203125,2168.2,1876.9,0x0,,,
1791004782.880816,40.8,11.5,1600.0,0.83544921875,2173.0,1872.0,0x0,,,
1791004783.8947053,39.7,11.2,1800.0,0.83544921875,2179.4,1865.7,0x0,,,
1791004784.908054,40.8,10.8,1700.0,0.83544921875,2179.8,1865.3,0x0,,,
1791004785.9229472,39.7,12.2,1600.0,0.83544921875,2183.4,1861.7,0x0,,,
1791004786.93678,40.8,11.2,1600.0,0.83544921875,2181.5,1863.5,0x0,,,
1791004787.9581494,40.2,11.8,1600.0,0.76806640625,2175.9,1869.2,0x0,,,
1791004788.9774382,40.8,10.8,1600.0,0.76806640625,2178.1,1867.0,0x0,,,
1791004789.991733,40.8,13.5,2400.0,0.76806640625,2177.0,1868.1,0x0,,,
1791004791.001736,40.8,9.0,2400.0,0.76806640625,2171.6,1873.5,0x0,,,
1791004792.0155737,41.4,9.7,2400.0,0.76806640625,2172.1,1873.0,0x0,,,
1791004793.1283512,41.4,9.1,2400.0,0.70654296875,2170.3,1874.7,0x0,,,
1791004794.1384254,40.2,9.2,2400.0,0.70654296875,2175.4,1869.7,0x0,,,
1791004795.152734,41.4,12.3,1800.0,0.70654296875,2171.8,1873.2,0x0,,,
1791004796.1692696,40.8,14.0,1800.0,0.70654296875,2174.5,1870.6,0x0,,,
1791004797.1893172,40.8,11.6,1800.0,0.70654296875,2173.2,1871.8,0x0,,,
1791004798.2027922,41.4,11.5,1700.0,0.73046875,2174.2,1870.9,0x0,,,
1791004799.2159832,40.8,12.4,1600.0,0.73046875,2173.1,1871.9,0x0,,,
1791004800.2296247,40.8,8.2,1600.0,0.73046875,2176.7,1868.3,0x0,,,
1791004801.2491202,40.8,12.3,1600.0,0.73046875,2177.2,1867.8,0x0,,,
1791004802.2629666,40.8,12.7,1700.0,0.73046875,2185.3,1859.8,0x0,,,
1791004803.2761717,40.8,11.6,1600.0,0.671875,2181.8,1863.3,0x0,,,
1791004804.2901287,41.4,10.6,1600.0,0.671875,2179.1,1866.0,0x0,,,
1791004805.304367,40.2,10.8,1600.0,0.671875,2178.8,1866.2,0x0,,,
1791004806.318221,41.4,12.2,1800.0,0.671875,2175.2,1869.9,0x0,,,
1791004807.3305936,40.8,12.2,1700.0,0.671875,2175.8,1869.2,0x0,,,
1791004808.3452532,40.8,12.3,1600.0,0.61767578125,2177.0,1868.1,0x0,,,
1791004809.359207,40.8,11.1,1600.0,0.61767578125,2170.5,1874.6,0x0,,,
1791004810.377027,40.2,12.4,1700.0,0.61767578125,2170.7,1874.3,0x0,,,
1791004811.3921957,41.9,11.2,1700.0,0.61767578125,2170.2,1874.8,0x0,,,
1791004812.4054031,40.8,11.6,1600.0,0.61767578125,2169.1,1876.0,0x0,,,
1791004813.4193199,40.8,11.7,1700.0,0.56787109375,2169.5,1875.6,0x0,,,
1791004814.437514,41.4,12.5,1700.0,0.56787109375,2174.2,1870.8,0x0,,,
1791004815.4551084,41.9,12.4,1700.0,0.56787109375,2169.8,1875.2,0x0,,,
1791004816.4725497,40.2,15.5,1700.0,0.56787109375,2172.9,1872.1,0x0,,,
1791004817.4901233,41.4,12.2,1600.0,0.56787109375,2176.0,1869.1,0x0,,,
1791004818.5051422,40.8,10.3,1700.0,0.52197265625,2167.2,1877.9,0x0,,,
1791004819.5185366,40.8,10.8,1700.0,0.52197265625,2166.2,1878.9,0x0,,,
1791004820.531887,40.2,12.2,1600.0,0.52197265625,2172.2,1872.8,0x0,,,
1791004821.5498657,40.8,12.5,1600.0,0.52197265625,2170.4,1874.7,0x0,,,
1791004822.567878,41.4,13.3,1600.0,0.52197265625,2173.5,1871.5,0x0,,,
1791004823.5859904,40.8,12.4,1600.0,0.47998046875,2173.8,1871.3,0x0,,,
1791004824.604387,40.8,12.8,1600.0,0.47998046875,2176.8,1868.3,0x0,,,
1791004825.6183918,42.5,11.1,1700.0,0.47998046875,2177.3,1867.8,0x0,,,
1791004826.6316829,39.7,11.0,1600.0,0.47998046875,2177.3,1867.8,0x0,,,
1791004827.6454437,39.1,11.7,1800.0,0.47998046875,2172.7,1872.4,0x0,,,
1791004828.6588094,41.4,11.8,1700.0,0.44140625,2172.8,1872.2,0x0,,,
1791004829.672858,40.8,15.0,1600.0,0.44140625,2173.4,1871.7,0x0,,,
1791004830.6909494,41.9,13.1,1600.0,0.44140625,2177.9,1867.2,0x0,,,
1791004831.706235,39.7,11.7,1600.0,0.44140625,2174.7,1870.3,0x0,,,
1791004832.8235676,40.2,11.6,1700.0,0.44140625,2173.2,1871.9,0x0,,,
1791004833.8369741,41.4,12.4,1600.0,0.486328125,2172.4,1872.7,0x0,,,
1791004834.8539264,39.7,12.2,1600.0,0.486328125,2172.5,1872.6,0x0,,,
1791004835.8684833,40.2,13.9,1600.0,0.486328125,2171.5,1873.6,0x0,,,
1791004836.8836026,40.8,16.6,2400.0,0.486328125,2180.4,1864.7,0x0,,,
1791004837.8957162,40.8,11.7,2400.0,0.447265625,2183.5,1861.6,0x0,,,
1791004838.9061072,41.9,11.9,2400.0,0.447265625,2186.7,1858.3,0x0,,,
1791004839.9211342,41.4,9.9,2400.0,0.447265625,2187.5,1857.5,0x0,,,
1791004841.0331688,42.5,10.0,2400.0,0.447265625,2186.6,1858.5,0x0,,,
1791004842.042936,40.8,10.0,1700.0,0.447265625,2187.2,1857.8,0x0,,,
1791004843.0561268,41.4,12.4,1700.0,0.4111328125,2183.6,1861.5,0x0,,,
1791004844.06921,40.8,12.8,1800.0,0.4111328125,2177.7,1867.4,0x0,,,
1791004845.0819228,41.4,12.9,1600.0,0.4111328125,2172.0,1873.0,0x0,,,
1791004846.0956097,40.8,11.7,1600.0,0.4111328125,2171.7,1873.4,0x0,,,
1791004847.114369,41.4,10.3,1600.0,0.4111328125,2173.0,1872.1,0x0,,,
1791004848.1327064,40.8,12.1,1700.0,0.45849609375,2173.1,1872.0,0x0,,,
1791004849.1492836,41.4,11.3,1600.0,0.45849609375,2170.8,1874.3,0x0,,,
1791004850.1634233,39.7,12.7,1600.0,0.45849609375,2173.2,1871.8,0x0,,,
1791004851.1821356,40.2,13.3,1600.0,0.45849609375,2175.1,1869.9,0x0,,,
1791004852.2000098,41.4,11.0,1700.0,0.45849609375,2180.3,1864.8,0x0,,,
1791004853.2175105,41.9,11.0,1700.0,0.501953125,2176.7,1868.3,0x0,,,
1791004854.235879,40.8,13.1,1700.0,0.501953125,2179.4,1865.7,0x0,,,
1791004855.249679,40.8,7.6,1700.0,0.501953125,2177.4,1867.6,0x0,,,
1791004856.2624738,40.2,8.2,1700.0,0.501953125,2177.9,1867.1,0x0,,,
1791004857.2754548,39.1,8.5,1500.0,0.501953125,2178.3,1866.8,0x0,,,
1791004858.2924938,38.6,6.4,1500.0,0.46142578125,2174.9,1870.1,0x0,,,
1791004859.3070388,38.6,6.4,1500.0,0.46142578125,2165.5,1879.6,0x0,,,
1791004860.3216815,38.6,7.4,1600.0,0.46142578125,2166.7,1878.4,0x0,,,
1791004861.335565,39.7,7.9,1600.0,0.46142578125,2171.3,1873.8,0x0,,,
1791004862.3494933,39.7,6.0,1600.0,0.46142578125,2168.8,1876.3,0x0,,,
1791004863.363668,40.8,7.4,1600.0,0.6650390625,2169.1,1875.9,0x0,,,
1791004864.37825,40.2,6.3,1700.0,0.6650390625,2170.9,1874.2,0x0,,,
1791004865.3951917,39.7,5.8,1700.0,0.6650390625,2173.3,1871.8,0x0,,,
1791004866.408507,38.6,6.0,1500.0,0.6650390625,2175.6,1869.4,0x0,,,
1791004867.4230616,39.1,5.2,1600.0,0.6650390625,2174.8,1870.2,0x0,,,
1791004868.4445043,39.1,7.4,1600.0,0.611328125,2173.0,1872.1,0x0,,,
1791004869.4583385,40.2,14.5,2400.0,0.611328125,2189.8,1855.3,0x0,,,
1791004870.4686112,40.2,9.0,2400.0,0.611328125,2193.8,1851.3,0x0,,,
1791004871.479026,40.8,10.2,2400.0,0.611328125,2193.6,1851.4,0x0,,,
1791004872.489181,39.7,10.6,2400.0,0.611328125,2193.9,1851.2,0x0,,,
1791004873.5005019,41.4,9.0,2400.0,0.56201171875,2186.4,1858.7,0x0,,,
1791004874.514568,39.7,9.4,1600.0,0.56201171875,2179.8,1865.2,0x0,,,
1791004875.5879967,40.8,10.9,1600.0,0.56201171875,2178.3,1866.7,0x0,,,
1791004876.6046662,40.8,11.7,1700.0,0.56201171875,2177.1,1868.0,0x0,,,
1791004877.6221805,40.8,11.8,1700.0,0.56201171875,2175.9,1869.2,0x0,,,
1791004878.6396267,40.2,11.9,1600.0,0.59716796875,2175.5,1869.6,0x0,,,
1791004879.6592727,40.8,10.9,1600.0,0.59716796875,2173.8,1871.3,0x0,,,
1791004880.6782455,40.8,10.3,1700.0,0.59716796875,2172.8,1872.2,0x0,,,
1791004881.7245824,39.7,11.1,1700.0,0.59716796875,2174.6,1870.5,0x0,,,
1791004882.7330136,40.8,12.1,1600.0,0.59716796875,2178.3,1866.8,0x0,,,
1791004883.748469,40.8,12.3,1700.0,0.6298828125,2173.2,1871.9,0x0,,,
1791004884.7616706,40.8,10.5,1600.0,0.6298828125,2179.4,1865.7,0x0,,,
1791004885.7793818,39.7,10.8,1700.0,0.6298828125,2182.8,1862.3,0x0,,,
1791004886.7966683,40.2,10.0,1700.0,0.6298828125,2187.7,1857.4,0x0,,,
1791004887.8149772,40.2,11.0,1600.0,0.6298828125,2187.1,1858.0,0x0,,,
1791004888.8327916,40.8,10.8,1600.0,0.5791015625,2180.9,1864.1,0x0,,,
1791004889.8465989,40.2,11.0,1600.0,0.5791015625,2177.7,1867.3,0x0,,,
1791004890.8616698,40.8,16.4,1600.0,0.5791015625,2175.7,1869.4,0x0,,,
1791004891.8756142,40.8,11.6,2400.0,0.5791015625,2173.6,1871.5,0x0,,,
1791004892.8896143,41.4,8.5,2400.0,0.5791015625,2172.0,1873.0,0x0,,,
1791004894.0063307,41.4,8.2,2400.0,0.693359375,2171.3,1873.8,0x0,,,
1791004895.0166633,41.4,7.2,2400.0,0.693359375,2171.8,1873.3,0x0,,,
1791004896.026653,41.4,9.3,1600.0,0.693359375,2169.6,1875.4,0x0,,,
1791004897.0446053,39.7,11.0,1700.0,0.693359375,2172.5,1872.5,0x0,,,
1791004898.0574973,41.4,13.6,1600.0,0.71826171875,2172.9,1872.1,0x0,,,
1791004899.0755544,40.8,12.1,1700.0,0.71826171875,2171.9,1873.2,0x0,,,
1791004900.0930064,41.4,11.2,1700.0,0.71826171875,2171.9,1873.2,0x0,,,
1791004901.110295,41.4,9.5,1800.0,0.71826171875,2182.0,1863.0,0x0,,,
1791004902.1268198,40.8,8.5,1500.0,0.71826171875,2185.7,1859.4,0x0,,,
1791004903.144411,39.1,7.1,1500.0,0.7412109375,2183.2,1861.8,0x0,,,
1791004904.1616068,39.1,5.9,1500.0,0.7412109375,2180.9,1864.1,0x0,,,
1791004905.1761308,40.2,7.1,1600.0,0.7412109375,2178.0,1867.1,0x0,,,
1791004906.1937432,39.7,6.9,1600.0,0.7412109375,2178.0,1867.1,0x0,,,
1791004907.2112546,39.7,6.7,1600.0,0.7412109375,2176.2,1868.9,0x0,,,
1791004908.2287438,39.7,6.6,1600.0,0.681640625,2170.1,1875.0,0x0,,,
1791004909.2464838,40.2,6.9,1700.0,0.681640625,2171.3,1873.8,0x0,,,
1791004910.2639256,40.8,7.9,2400.0,0.681640625,2169.9,1875.2,0x0,,,
1791004911.2777877,40.8,5.7,2400.0,0.681640625,2170.0,1875.1,0x0,,,
1791004912.289976,41.4,5.7,2400.0,0.681640625,2171.2,1873.9,0x0,,,
1791004913.303759,40.8,5.5,2400.0,0.626953125,2167.2,1877.8,0x0,,,
1791004914.3151503,40.8,5.7,2400.0,0.626953125,2166.2,1878.8,0x0,,,
1791004915.3249173,40.2,5.5,1600.0,0.626953125,2165.8,1879.3,0x0,,,
1791004916.3424838,39.7,6.0,1600.0,0.626953125,2166.8,1878.2,0x0,,,
1791004917.3600378,40.2,7.7,1700.0,0.626953125,2172.5,1872.6,0x0,,,
1791004918.3768857,40.8,11.9,1700.0,0.57666015625,2186.1,1859.0,0x0,,,
1791004919.3941743,40.2,13.2,1700.0,0.57666015625,2183.2,1861.8,0x0,,,
1791004920.411497,40.8,12.2,1700.0,0.57666015625,2180.1,1865.0,0x0,,,
1791004921.4289615,39.7,12.3,1700.0,0.57666015625,2178.6,1866.4,0x0,,,
1791004922.4474297,40.2,11.9,1700.0,0.57666015625,2181.6,1863.4,0x0,,,
1791004923.465029,41.4,10.9,1600.0,0.5302734375,2181.7,1863.4,0x0,,,
1791004924.4839473,40.2,10.4,1600.0,0.5302734375,2178.0,1867.0,0x0,,,
1791004925.5051796,40.2,12.3,1600.0,0.5302734375,2179.3,1865.8,0x0,,,
1791004926.523201,40.8,10.6,1700.0,0.5302734375,2178.0,1867.1,0x0,,,
1791004927.5412023,40.8,12.3,1700.0,0.5302734375,2176.6,1868.4,0x0,,,
1791004928.5590801,40.8,11.5,1600.0,0.48779296875,2175.2,1869.8,0x0,,,
1791004929.5768104,40.2,11.0,1600.0,0.48779296875,2174.5,1870.5,0x0,,,
1791004930.5910833,39.7,11.0,1700.0,0.48779296875,2176.0,1869.1,0x0,,,
1791004931.6059964,40.8,13.9,1700.0,0.48779296875,2175.0,1870.1,0x0,,,
1791004932.6208327,40.8,11.5,1800.0,0.48779296875,2173.0,1872.1,0x0,,,
1791004933.63355,41.4,11.7,1600.0,0.44873046875,2174.1,1871.0,0x0,,,
1791004934.6476722,40.8,11.4,1600.0,0.44873046875,2175.3,1869.8,0x0,,,
1791004935.6634877,41.4,11.0,1600.0,0.44873046875,2178.5,1866.5,0x0,,,
1791004936.6771748,40.8,13.2,1600.0,0.44873046875,2177.3,1867.8,0x0,,,
1791004937.6911042,40.2,12.0,1600.0,0.44873046875,2179.6,1865.5,0x0,,,
1791004938.7050014,41.4,11.8,1700.0,0.6533203125,2175.6,1869.5,0x0,,,
1791004939.7182887,39.1,11.4,1700.0,0.6533203125,2176.8,1868.3,0x0,,,
1791004940.7316577,40.8,12.8,1800.0,0.6533203125,2176.6,1868.5,0x0,,,
1791004941.7440763,41.4,12.2,1700.0,0.6533203125,2179.3,1865.7,0x0,,,
1791004942.7573428,40.2,13.5,1600.0,0.6533203125,2178.5,1866.5,0x0,,,
1791004943.7710056,39.7,11.4,1700.0,0.6005859375,2176.0,1869.1,0x0,,,
1791004944.785245,40.8,10.9,1600.0,0.6005859375,2175.8,1869.3,0x0,,,
1791004945.9017267,40.8,11.6,1700.0,0.6005859375,2172.6,1872.5,0x0,,,
1791004946.9148026,39.7,12.1,1600.0,0.6005859375,2173.3,1871.8,0x0,,,
1791004947.9311707,39.7,10.8,1600.0,0.6005859375,2175.2,1869.9,0x0,,,
1791004948.946324,40.8,12.2,1700.0,0.6328125,2174.1,1871.0,0x0,,,
1791004949.959797,40.8,10.3,1600.0,0.6328125,2168.1,1877.0,0x0,,,
1791004950.9739246,41.4,14.3,1700.0,0.6328125,2172.1,1873.0,0x0,,,
1791004951.9875033,39.1,12.2,1600.0,0.6328125,2170.4,1874.7,0x0,,,
1791004953.001724,40.8,10.6,1800.0,0.66259765625,2172.0,1873.1,0x0,,,
1791004954.0161996,40.8,11.8,1700.0,0.66259765625,2170.2,1874.9,0x0,,,
1791004955.0303128,41.4,10.5,1700.0,0.66259765625,2173.1,1872.0,0x0,,,
1791004956.0434685,40.8,11.3,1600.0,0.66259765625,2171.4,1873.7,0x0,,,
1791004957.0568886,39.7,12.8,1600.0,0.66259765625,2168.9,1876.1,0x0,,,
1791004958.0718753,40.2,11.4,1600.0,0.609375,2174.6,1870.4,0x0,,,
1791004959.0860837,40.8,10.9,1600.0,0.609375,2174.8,1870.2,0x0,,,
1791004960.1002364,40.2,12.4,1600.0,0.609375,2175.3,1869.8,0x0,,,
1791004961.1142054,40.8,12.0,1700.0,0.609375,2182.0,1863.1,0x0,,,
1791004962.127492,40.8,12.0,1600.0,0.609375,2182.2,1862.8,0x0,,,
1791004963.1415672,41.4,12.3,1700.0,0.560546875,2177.2,1867.9,0x0,,,
1791004964.155259,40.2,11.9,1700.0,0.560546875,2176.2,1868.8,0x0,,,
1791004965.1690874,40.2,11.4,1600.0,0.560546875,2175.4,1869.6,0x0,,,
1791004966.1831336,40.8,11.5,1600.0,0.560546875,2171.9,1873.2,0x0,,,
1791004967.1970472,41.4,10.4,1600.0,0.560546875,2179.9,1865.1,0x0,,,
1791004968.2239342,39.1,11.8,1600.0,0.59619140625,2181.7,1863.4,0x0,,,
1791004969.2383518,41.4,13.8,1600.0,0.59619140625,2181.9,1863.1,0x0,,,
1791004970.2521415,40.8,12.4,1600.0,0.59619140625,2180.0,1865.1,0x0,,,
1791004971.2659223,41.9,12.0,1600.0,0.59619140625,2176.9,1868.2,0x0,,,
1791004972.2799346,40.8,13.1,1700.0,0.59619140625,2175.7,1869.3,0x0,,,
1791004973.2932427,40.8,20.1,1700.0,0.54833984375,2190.7,1854.4,0x0,,,
1791004974.306461,40.8,14.9,1800.0,0.54833984375,2194.9,1850.2,0x0,,,
1791004975.3197541,39.7,12.4,1700.0,0.54833984375,2188.8,1856.2,0x0,,,
1791004976.33332,40.8,16.0,1600.0,0.54833984375,2187.9,1857.1,0x0,,,
1791004977.347215,40.8,13.9,1600.0,0.54833984375,2184.4,1860.7,0x0,,,
1791004978.3615153,41.4,12.3,1600.0,0.50439453125,2187.8,1857.3,0x0,,,
1791004979.375506,40.2,12.7,1600.0,0.50439453125,2191.0,1854.0,0x0,,,
1791004980.3892286,41.4,15.7,1700.0,0.50439453125,2186.9,1858.1,0x0,,,
1791004981.402489,40.8,12.1,1700.0,0.50439453125,2182.4,1862.7,0x0,,,
1791004982.4158814,41.4,13.2,1600.0,0.50439453125,2186.7,1858.3,0x0,,,
1791004983.4295678,41.9,8.7,1700.0,0.54443359375,2184.6,1860.5,0x0,,,
1791004984.4426603,41.4,11.3,1700.0,0.54443359375,2194.6,1850.5,0x0,,,
1791004985.4560928,40.8,13.6,1800.0,0.54443359375,2195.6,1849.4,0x0,,,
1791004986.4692676,41.4,13.7,1600.0,0.54443359375,2193.5,1851.5,0x0,,,
1791004987.48406,41.9,12.5,1700.0,0.54443359375,2193.2,1851.9,0x0,,,
1791004988.4989715,39.1,12.6,1600.0,0.50048828125,2188.5,1856.6,0x0,,,
1791004989.5129879,41.9,16.5,2400.0,0.50048828125,2185.2,1859.9,0x0,,,
1791004990.522824,41.4,13.1,2400.0,0.50048828125,2186.7,1858.3,0x0,,,
1791004991.5345278,40.2,10.9,2400.0,0.50048828125,2184.5,1860.5,0x0,,,
1791004992.5453472,41.4,10.4,2400.0,0.50048828125,2182.3,1862.7,0x0,,,
1791004993.5556781,41.4,7.9,2400.0,0.54052734375,2182.4,1862.7,0x0,,,
1791004994.5681303,41.4,10.8,1800.0,0.54052734375,2179.7,1865.3,0x0,,,
1791004995.5813622,41.4,13.7,1600.0,0.54052734375,2186.4,1858.7,0x0,,,
1791004996.595808,39.7,12.5,1700.0,0.54052734375,2187.5,1857.6,0x0,,,
1791004997.610724,41.4,11.9,1600.0,0.54052734375,2180.0,1865.0,0x0,,,
1791004998.6244857,42.5,16.4,1700.0,0.57763671875,2183.9,1861.1,0x0,,,
1791004999.6378849,40.2,15.5,1700.0,0.57763671875,2187.6,1857.4,0x0,,,
1791005000.6507273,39.7,13.3,1700.0,0.57763671875,2183.1,1862.0,0x0,,,
1791005001.6642778,40.8,11.9,1700.0,0.57763671875,2186.7,1858.3,0x0,,,
1791005002.6775703,39.7,14.8,1700.0,0.57763671875,2183.0,1862.1,0x0,,,
1791005003.6912603,40.8,12.9,1700.0,0.53125,2186.4,1858.7,0x0,,,
1791005004.7047966,41.4,13.2,1700.0,0.53125,2187.3,1857.8,0x0,,,
1791005005.7190738,41.4,15.0,1700.0,0.53125,2191.0,1854.0,0x0,,,
1791005006.7367935,40.2,31.6,1800.0,0.53125,2209.2,1835.9,0x0,,,
1791005007.7505279,40.2,13.4,1700.0,0.53125,2205.2,1839.8,0x0,,,
1791005008.763841,40.8,14.3,1700.0,0.56884765625,2204.2,1840.8,0x0,,,
1791005009.776875,39.7,12.0,1600.0,0.56884765625,2202.8,1842.3,0x0,,,
1791005010.7909846,41.4,11.2,1600.0,0.56884765625,2202.5,1842.5,0x0,,,
1791005011.8051188,41.4,12.1,1700.0,0.56884765625,2208.4,1836.6,0x0,,,
1791005012.8186033,41.4,12.4,1600.0,0.56884765625,2206.7,1838.3,0x0,,,
1791005013.834577,40.8,13.6,1700.0,0.603515625,2204.7,1840.3,0x0,,,
1791005014.8481367,41.4,13.1,1700.0,0.603515625,2201.7,1843.4,0x0,,,
1791005015.8617182,41.4,12.2,1600.0,0.603515625,2196.1,1849.0,0x0,,,
1791005016.8778427,40.8,11.0,1600.0,0.603515625,2198.6,1846.5,0x0,,,
1791005017.892513,40.8,12.9,1600.0,0.603515625,2203.9,1841.2,0x0,,,
1791005018.9064574,41.4,15.2,1600.0,0.7158203125,2198.4,1846.6,0x0,,,
1791005019.9206715,41.4,12.4,1600.0,0.7158203125,2197.1,1847.9,0x0,,,
1791005020.9344668,40.8,11.1,1700.0,0.7158203125,2201.9,1843.2,0x0,,,
1791005021.9479866,40.8,11.1,1700.0,0.7158203125,2213.5,1831.6,0x0,,,
1791005022.9612644,39.7,11.6,1700.0,0.7158203125,2213.6,1831.5,0x0,,,
1791005023.9780917,41.4,13.0,1600.0,0.658203125,2214.0,1831.1,0x0,,,
1791005024.9923174,40.8,14.8,1600.0,0.658203125,2207.4,1837.6,0x0,,,
1791005026.005617,40.8,13.1,1600.0,0.658203125,2195.6,1849.5,0x0,,,
1791005027.02134,41.9,12.9,1600.0,0.658203125,2196.5,1848.6,0x0,,,
1791005028.03559,40.8,12.0,1700.0,0.658203125,2198.9,1846.2,0x0,,,
1791005029.0488708,41.9,15.2,2400.0,0.68603515625,2199.1,1845.9,0x0,,,
1791005030.0586336,41.4,11.4,2400.0,0.68603515625,2203.8,1841.2,0x0,,,
1791005031.0690145,41.4,10.0,2400.0,0.68603515625,2204.5,1840.6,0x0,,,
1791005032.0788853,42.5,9.8,2400.0,0.68603515625,2209.5,1835.5,0x0,,,
1791005033.0891767,41.4,9.8,2400.0,0.71142578125,2208.3,1836.8,0x0,,,
1791005034.099855,41.4,9.3,1600.0,0.71142578125,2202.3,1842.7,0x0,,,
1791005035.1134553,40.8,11.0,1600.0,0.71142578125,2199.1,1845.9,0x0,,,
1791005036.1298618,40.8,10.7,1600.0,0.71142578125,2197.8,1847.3,0x0,,,
1791005037.1447918,40.2,14.5,1600.0,0.71142578125,2181.0,1864.1,0x0,,,
1791005038.1588588,39.7,11.6,1600.0,0.654296875,2181.4,1863.7,0x0,,,
1791005039.1732523,41.4,12.6,1600.0,0.654296875,2182.3,1862.8,0x0,,,
1791005040.187416,41.4,10.4,1700.0,0.654296875,2180.8,1864.2,0x0,,,
1791005041.2011635,41.4,10.4,1800.0,0.654296875,2181.1,1864.0,0x0,,,
1791005042.214333,41.4,9.4,1700.0,0.654296875,2179.7,1865.3,0x0,,,
1791005043.2279935,40.8,11.9,1700.0,0.68212890625,2180.7,1864.3,0x0,,,
1791005044.2414308,40.8,14.0,1600.0,0.68212890625,2179.4,1865.6,0x0,,,
1791005045.2557611,40.8,11.9,1600.0,0.68212890625,2178.2,1866.9,0x0,,,
1791005046.271091,40.8,11.9,1600.0,0.68212890625,2177.4,1867.7,0x0,,,
1791005047.284983,41.4,11.4,1600.0,0.68212890625,2177.5,1867.5,0x0,,,
1791005048.2984939,42.5,11.4,1600.0,0.7080078125,2177.1,1868.0,0x0,,,
1791005049.3123298,40.2,11.4,1600.0,0.7080078125,2175.2,1869.8,0x0,,,
1791005050.326205,40.8,10.3,1700.0,0.7080078125,2174.5,1870.6,0x0,,,
1791005051.3394837,40.8,13.2,1700.0,0.7080078125,2177.2,1867.9,0x0,,,
1791005052.3527172,39.7,12.3,1800.0,0.7080078125,2182.8,1862.2,0x0,,,
1791005053.365831,41.4,13.5,1800.0,0.65087890625,2183.3,1861.7,0x0,,,
1791005054.378386,41.4,11.6,1600.0,0.65087890625,2178.1,1866.9,0x0,,,
1791005055.3926516,40.8,10.3,1600.0,0.65087890625,2184.9,1860.2,0x0,,,
1791005056.4079404,40.8,11.7,1600.0,0.65087890625,2183.0,1862.1,0x0,,,
1791005057.4216123,40.8,11.7,1700.0,0.65087890625,2182.9,1862.2,0x0,,,
1791005058.4347253,41.4,12.4,1600.0,0.5986328125,2183.2,1861.9,0x0,,,
1791005059.4485672,41.4,11.1,1700.0,0.5986328125,2180.7,1864.3,0x0,,,
1791005060.4622877,40.8,12.7,1700.0,0.5986328125,2180.6,1864.5,0x0,,,
1791005061.4758687,40.2,13.0,1700.0,0.5986328125,2182.4,1862.7,0x0,,,
1791005062.489023,41.4,11.7,1800.0,0.5986328125,2181.4,1863.7,0x0,,,
1791005063.5014136,41.4,12.0,1700.0,0.55029296875,2175.9,1869.2,0x0,,,
1791005064.51473,42.5,12.3,1600.0,0.55029296875,2174.4,1870.7,0x0,,,
1791005065.5319152,39.7,10.1,1600.0,0.55029296875,2176.3,1868.8,0x0,,,
1791005066.546461,41.4,10.3,1600.0,0.55029296875,2177.9,1867.2,0x0,,,
1791005067.5604117,40.2,11.4,1600.0,0.55029296875,2178.9,1866.2,0x0,,,
1791005068.574138,40.8,11.8,1700.0,0.58642578125,2178.4,1866.7,0x0,,,
1791005069.5872653,41.4,15.0,1800.0,0.58642578125,2181.8,1863.2,0x0,,,
1791005070.5996137,41.4,11.8,1800.0,0.58642578125,2185.5,1859.6,0x0,,,
1791005071.612324,40.8,11.2,1700.0,0.58642578125,2184.0,1861.0,0x0,,,
1791005072.627262,39.7,12.1,1600.0,0.58642578125,2180.6,1864.5,0x0,,,
1791005073.64119,40.8,12.7,1600.0,0.5390625,2186.8,1858.3,0x0,,,
1791005074.6550589,40.2,12.2,1700.0,0.5390625,2185.1,1860.0,0x0,,,
1791005075.6698444,41.4,10.5,1600.0,0.5390625,2182.8,1862.3,0x0,,,
1791005076.6837645,40.8,11.1,1600.0,0.5390625,2180.0,1865.1,0x0,,,
1791005077.6974728,41.4,11.5,1600.0,0.5390625,2180.2,1864.9,0x0,,,
1791005078.7112474,41.4,10.7,1700.0,0.576171875,2180.7,1864.3,0x0,,,
1791005079.724259,41.9,12.3,1700.0,0.576171875,2184.7,1860.4,0x0,,,
1791005080.73727,41.4,16.5,1900.0,0.576171875,2222.6,1822.5,0x0,,,
1791005081.749078,41.4,11.0,1700.0,0.576171875,2227.3,1817.8,0x0,,,
1791005082.762746,40.8,10.3,1600.0,0.576171875,2228.3,1816.8,0x0,,,
1791005083.776633,41.9,13.2,1600.0,0.6904296875,2228.9,1816.1,0x0,,,
1791005084.7927654,41.4,10.9,1600.0,0.6904296875,2216.6,1828.5,0x0,,,
1791005085.8067322,40.8,10.7,1600.0,0.6904296875,2205.5,1839.6,0x0,,,
1791005086.8206716,41.4,12.4,1600.0,0.6904296875,2203.6,1841.4,0x0,,,
1791005087.8344593,41.4,15.6,2400.0,0.6904296875,2189.6,1855.4,0x0,,,
1791005088.8447092,40.8,9.7,2400.0,0.71533203125,2190.2,1854.9,0x0,,,
1791005089.854785,41.4,12.2,2400.0,0.71533203125,2190.4,1854.7,0x0,,,
1791005090.9653037,41.4,9.5,2400.0,0.71533203125,2192.1,1853.0,0x0,,,
1791005091.975581,41.4,7.6,2400.0,0.71533203125,2194.0,1851.0,0x0,,,
1791005092.9856741,41.4,12.3,1900.0,0.71533203125,2193.0,1852.1,0x0,,,
1791005093.9975197,40.2,10.6,1700.0,0.65771484375,2186.0,1859.0,0x0,,,
1791005095.0107732,41.4,10.3,1600.0,0.65771484375,2195.7,1849.4,0x0,,,
1791005096.0247679,41.4,11.2,1600.0,0.65771484375,2195.4,1849.7,0x0,,,
1791005097.0407383,40.8,10.8,1600.0,0.65771484375,2196.5,1848.6,0x0,,,
1791005098.054412,41.4,12.7,1600.0,0.65771484375,2193.3,1851.8,0x0,,,
1791005099.0680604,41.9,12.6,1600.0,0.60498046875,2193.8,1851.2,0x0,,,
1791005100.0818543,41.4,12.7,1600.0,0.60498046875,2190.3,1854.8,0x0,,,
1791005101.0956802,41.9,13.0,1700.0,0.60498046875,2194.3,1850.7,0x0,,,
1791005102.1088336,40.8,14.4,1700.0,0.60498046875,2190.4,1854.7,0x0,,,
1791005103.1219637,41.9,13.2,1900.0,0.55615234375,2192.0,1853.0,0x0,,,
1791005104.1338022,41.4,10.8,1700.0,0.55615234375,2191.1,1853.9,0x0,,,
1791005105.1471946,41.4,11.5,1600.0,0.55615234375,2190.4,1854.6,0x0,,,
1791005106.1616354,41.4,10.3,1600.0,0.55615234375,2188.4,1856.7,0x0,,,
1791005107.1781185,41.9,11.4,1600.0,0.55615234375,2186.9,1858.2,0x0,,,
1791005108.1927862,41.4,10.4,1700.0,0.51123046875,2186.1,1859.0,0x0,,,
1791005109.206314,40.8,14.3,1700.0,0.51123046875,2182.0,1863.0,0x0,,,
1791005110.2193785,40.8,11.3,1700.0,0.51123046875,2182.6,1862.4,0x0,,,
1791005111.2323694,41.4,10.3,1600.0,0.51123046875,2182.5,1862.6,0x0,,,
1791005112.2463408,41.4,10.8,1600.0,0.51123046875,2183.7,1861.4,0x0,,,
1791005113.2606487,41.9,15.8,1900.0,0.47021484375,2209.5,1835.6,0x0,,,
1791005114.2795417,43.0,15.6,2400.0,0.47021484375,2240.9,1804.2,0x0,,,
1791005115.2897742,41.9,9.7,2400.0,0.47021484375,2243.0,1802.0,0x0,,,
1791005116.2994869,41.9,10.3,2400.0,0.47021484375,2244.9,1800.2,0x0,,,
1791005117.310452,41.4,7.8,2400.0,0.47021484375,2243.1,1802.0,0x0,,,
1791005118.320636,41.9,9.9,2400.0,0.6728515625,2225.0,1820.0,0x0,,,
1791005119.3306394,40.8,11.4,1700.0,0.6728515625,2217.7,1827.3,0x0,,,
1791005120.344109,41.4,11.6,1600.0,0.6728515625,2219.3,1825.8,0x0,,,
1791005121.3578932,41.4,11.7,1600.0,0.6728515625,2191.5,1853.5,0x0,,,
1791005122.3718352,41.4,12.4,1700.0,0.6728515625,2190.5,1854.5,0x0,,,
1791005123.3847373,41.9,12.4,1700.0,0.61865234375,2188.8,1856.2,0x0,,,
1791005124.3979962,40.8,12.6,1600.0,0.61865234375,2195.0,1850.1,0x0,,,
1791005125.4120557,41.4,10.5,1600.0,0.61865234375,2197.8,1847.3,0x0,,,
1791005126.4281328,41.4,10.7,1600.0,0.61865234375,2193.7,1851.3,0x0,,,
1791005127.442852,40.8,13.0,1600.0,0.61865234375,2197.6,1847.4,0x0,,,
1791005128.4566476,41.4,11.4,1600.0,0.56884765625,2190.5,1854.6,0x0,,,
1791005129.472115,41.4,11.6,1600.0,0.56884765625,2186.2,1858.9,0x0,,,
1791005130.485667,40.8,11.0,1700.0,0.56884765625,2189.4,1855.7,0x0,,,
1791005131.5009983,41.4,14.0,1700.0,0.56884765625,2191.9,1853.2,0x0,,,
1791005132.5172694,42.5,10.3,1700.0,0.56884765625,2189.2,1855.8,0x0,,,
1791005133.5306172,40.2,10.8,1700.0,0.923828125,2187.4,1857.7,0x0,,,
1791005134.5437744,40.2,11.0,1700.0,0.923828125,2185.8,1859.3,0x0,,,
1791005135.5582986,39.1,9.2,1600.0,0.923828125,2185.7,1859.4,0x0,,,
1791005136.5737603,41.4,10.7,1600.0,0.923828125,2185.6,1859.4,0x0,,,
1791005137.5879936,39.7,9.2,1600.0,0.923828125,2183.2,1861.9,0x0,,,
1791005138.601971,41.4,9.4,1700.0,0.849609375,2180.4,1864.6,0x0,,,
1791005139.615131,41.4,10.6,1600.0,0.849609375,2183.0,1862.1,0x0,,,
1791005140.628906,41.9,10.9,1800.0,0.849609375,2189.8,1855.3,0x0,,,
1791005141.6418567,39.1,12.4,1600.0,0.849609375,2189.8,1855.2,0x0,,,
1791005142.655534,41.4,11.0,1700.0,0.849609375,2185.0,1860.1,0x0,,,
1791005143.6693237,40.8,12.6,1700.0,0.78125,2186.5,1858.6,0x0,,,
1791005144.6824555,40.8,11.2,1700.0,0.78125,2185.1,1860.0,0x0,,,
1791005145.6955857,40.2,10.4,1600.0,0.78125,2198.9,1846.2,0x0,,,
1791005146.709695,40.2,12.4,1600.0,0.78125,2194.9,1850.2,0x0,,,
1791005147.7235413,41.4,12.8,1600.0,0.78125,2192.3,1852.8,0x0,,,
1791005148.7373497,41.9,14.4,2400.0,0.71826171875,2189.6,1855.5,0x0,,,
1791005149.7475824,41.4,11.1,2400.0,0.71826171875,2191.5,1853.5,0x0,,,
1791005150.7576733,41.4,9.0,2400.0,0.71826171875,2192.4,1852.6,0x0,,,
1791005151.7676792,41.9,8.8,2400.0,0.71826171875,2190.0,1855.1,0x0,,,
1791005152.7778816,40.8,9.6,2400.0,0.71826171875,2192.7,1852.4,0x0,,,
1791005153.7881382,39.7,10.1,1700.0,0.7412109375,2192.3,1852.8,0x0,,,
1791005154.800879,41.4,11.0,1600.0,0.7412109375,2190.0,1855.1,0x0,,,
1791005155.8176942,41.4,11.0,1600.0,0.7412109375,2185.4,1859.6,0x0,,,
1791005156.8315327,41.4,14.5,1600.0,0.7412109375,2184.0,1861.0,0x0,,,
1791005157.845915,39.7,16.7,1700.0,0.7412109375,2184.4,1860.7,0x0,,,
1791005158.8595512,40.8,13.6,1600.0,0.681640625,2186.5,1858.6,0x0,,,
1791005159.8739305,41.9,13.4,1700.0,0.681640625,2186.4,1858.7,0x0,,,
1791005160.8870687,39.1,10.9,1700.0,0.681640625,2192.9,1852.1,0x0,,,
1791005161.8999944,40.8,7.2,1700.0,0.681640625,2198.1,1847.0,0x0,,,
1791005162.913782,40.2,7.9,1500.0,0.681640625,2196.7,1848.4,0x0,,,
1791005163.9275985,41.9,8.2,2400.0,0.626953125,2196.0,1849.1,0x0,,,
1791005164.937594,41.4,9.2,2400.0,0.626953125,2193.2,1851.9,0x0,,,
1791005165.9479675,41.4,11.4,2400.0,0.626953125,2192.7,1852.4,0x0,,,
1791005166.9580026,41.4,9.3,2400.0,0.626953125,2190.1,1855.0,0x0,,,
1791005167.967876,41.9,8.8,2400.0,0.626953125,2186.4,1858.7,0x0,,,
1791005168.982157,41.4,8.8,1600.0,0.6572265625,2183.2,1861.8,0x0,,,
1791005170.0000017,39.7,11.7,1700.0,0.6572265625,2179.0,1866.0,0x0,,,
1791005171.0173407,41.4,13.8,1700.0,0.6572265625,2185.3,1859.8,0x0,,,
1791005172.0345237,40.8,13.2,1600.0,0.6572265625,2185.5,1859.5,0x0,,,
1791005173.0525396,39.7,11.2,1700.0,0.6572265625,2188.8,1856.3,0x0,,,
1791005174.1694884,40.8,13.0,1700.0,0.76513671875,2186.6,1858.4,0x0,,,
1791005175.1831224,41.4,11.1,1800.0,0.76513671875,2186.2,1858.9,0x0,,,
1791005176.19577,41.9,12.2,1600.0,0.76513671875,2183.9,1861.2,0x0,,,
1791005177.2901342,40.8,10.5,1700.0,0.76513671875,2185.1,1859.9,0x0,,,
1791005178.3030975,42.5,11.6,1800.0,0.70361328125,2183.5,1861.6,0x0,,,
1791005179.3157566,40.8,9.5,1600.0,0.70361328125,2187.6,1857.5,0x0,,,
1791005180.3299751,40.2,4.7,1500.0,0.70361328125,2186.8,1858.2,0x0,,,
1791005181.3454065,40.2,7.4,1600.0,0.70361328125,2191.6,1853.4,0x0,,,
1791005182.3594594,40.8,7.8,1600.0,0.70361328125,2198.2,1846.8,0x0,,,
1791005183.3735209,40.8,10.0,2400.0,0.8076171875,1848.8,2196.2,0x0,,,
1791005184.3916118,40.8,7.2,2400.0,0.8076171875,1844.0,2201.1,0x0,,,
1791005185.4010115,41.4,6.0,2400.0,0.8076171875,1840.7,2204.4,0x0,,,
1791005186.4104497,41.4,5.2,2400.0,0.8076171875,1842.5,2202.6,0x0,,,
1791005187.42089,43.0,5.0,2400.0,0.8076171875,1836.2,2208.9,0x0,,,
1791005188.4346795,39.1,5.5,1600.0,0.74267578125,1835.7,2209.4,0x0,,,
1791005189.4484453,40.2,5.9,1500.0,0.74267578125,1832.3,2212.8,0x0,,,
1791005190.465942,40.2,9.9,2400.0,0.74267578125,1830.5,2214.6,0x0,,,
1791005191.4752634,40.8,5.0,2400.0,0.74267578125,1826.6,2218.5,0x0,,,
1791005192.4855196,40.2,6.1,2400.0,0.74267578125,1827.4,2217.7,0x0,,,
1791005193.498876,41.4,4.7,2400.0,0.68310546875,1826.4,2218.6,0x0,,,
1791005194.5122788,41.9,6.4,2400.0,0.68310546875,1829.0,2216.0,0x0,,,
1791005195.525817,41.4,7.7,1800.0,0.68310546875,1827.9,2217.1,0x0,,,
1791005196.541913,40.2,11.2,1700.0,0.68310546875,1836.7,2208.4,0x0,,,
1791005197.6600566,41.4,12.1,1700.0,0.68310546875,1837.2,2207.8,0x0,,,
1791005198.6727145,42.5,14.3,2400.0,0.70849609375,1844.0,2201.0,0x0,,,
1791005199.6823332,41.4,8.3,2400.0,0.70849609375,1842.5,2202.5,0x0,,,
1791005200.6922343,41.4,12.9,2400.0,0.70849609375,1843.4,2201.7,0x0,,,
1791005201.7019103,41.4,6.9,2400.0,0.70849609375,1842.2,2202.8,0x0,,,
1791005202.7160275,41.4,8.3,2400.0,0.70849609375,1839.6,2205.4,0x0,,,
1791005203.7296433,41.4,12.6,1600.0,0.6513671875,1838.2,2206.9,0x0,,,
1791005204.7469237,40.2,13.1,2400.0,0.6513671875,1840.8,2204.2,0x0,,,
1791005205.7606337,41.4,9.7,2400.0,0.6513671875,1837.7,2207.4,0x0,,,
1791005206.7703068,40.2,9.7,2400.0,0.6513671875,1836.8,2208.3,0x0,,,
1791005207.7840645,41.4,9.2,2400.0,0.6513671875,1838.3,2206.7,0x0,,,
1791005208.7977512,40.8,9.6,2400.0,0.59912109375,1835.1,2209.9,0x0,,,
1791005209.811552,41.9,10.5,1600.0,0.59912109375,1836.2,2208.8,0x0,,,
1791005210.8289764,40.8,12.1,1600.0,0.59912109375,1836.0,2209.0,0x0,,,
1791005211.846766,39.1,7.7,1500.0,0.59912109375,1846.5,2198.6,0x0,,,
1791005212.8700142,40.2,7.4,1500.0,0.59912109375,1846.3,2198.7,0x0,,,
1791005213.8608773,40.8,6.5,1500.0,0.55078125,1840.8,2204.3,0x0,,,
1791005214.8748088,38.6,7.2,1600.0,0.55078125,1838.8,2206.2,0x0,,,
1791005215.8923683,40.2,11.1,1600.0,0.55078125,1836.4,2208.7,0x0,,,
1791005216.9098475,40.8,11.6,1600.0,0.55078125,1834.6,2210.5,0x0,,,
1791005217.9271998,39.1,11.7,1700.0,0.55078125,1836.1,2209.0,0x0,,,
1791005218.94413,39.7,11.9,1700.0,0.7470703125,1840.3,2204.8,0x0,,,
1791005219.9609945,39.7,11.7,1600.0,0.7470703125,1840.2,2204.8,0x0,,,
1791005220.9746952,40.8,11.2,1700.0,0.7470703125,1838.2,2206.9,0x0,,,
1791005221.9877214,41.4,9.8,1600.0,0.7470703125,1835.3,2209.7,0x0,,,
1791005223.0038843,41.4,10.5,1600.0,0.7470703125,1834.6,2210.5,0x0,,,
1791005224.024038,39.7,11.6,1600.0,0.68701171875,1834.3,2210.8,0x0,,,
1791005225.0413454,40.2,17.1,2400.0,0.68701171875,1851.6,2193.4,0x0,,,
1791005226.0550492,41.4,10.0,2400.0,0.68701171875,1854.7,2190.4,0x0,,,
1791005227.1692493,41.9,8.4,2400.0,0.68701171875,1856.9,2188.2,0x0,,,
1791005228.179002,40.8,9.8,2400.0,0.68701171875,1853.4,2191.7,0x0,,,
1791005229.1886864,41.4,10.0,1600.0,0.6318359375,1844.3,2200.8,0x0,,,
1791005230.2020206,41.4,11.9,1600.0,0.6318359375,1846.5,2198.5,0x0,,,
1791005231.2152221,40.8,15.1,2400.0,0.6318359375,1849.4,2195.7,0x0,,,
1791005232.2246642,41.9,10.4,2400.0,0.6318359375,1841.2,2203.9,0x0,,,
1791005233.2386267,41.4,9.0,2400.0,0.66162109375,1839.9,2205.2,0x0,,,
1791005234.351478,41.9,10.2,2400.0,0.66162109375,1838.9,2206.1,0x0,,,
1791005235.4613085,41.9,12.6,2400.0,0.66162109375,1859.2,2185.8,0x0,,,
1791005236.472649,39.7,15.2,1800.0,0.66162109375,1860.5,2184.6,0x0,,,
1791005237.4849687,40.8,12.0,1600.0,0.66162109375,1855.4,2189.7,0x0,,,
1791005238.4985828,40.2,12.4,1700.0,0.68896484375,1853.7,2191.3,0x0,,,
1791005239.5110185,40.8,12.1,1800.0,0.68896484375,1854.9,2190.2,0x0,,,
1791005240.5256097,42.5,12.4,1600.0,0.68896484375,1853.0,2192.1,0x0,,,
1791005241.5405583,40.8,12.8,1600.0,0.68896484375,1849.4,2195.7,0x0,,,
1791005242.5537634,41.4,15.6,1600.0,0.68896484375,1848.0,2197.0,0x0,,,
1791005243.5671287,40.8,21.1,1700.0,0.79443359375,1839.9,2205.2,0x0,,,
1791005244.5802886,41.4,15.2,1700.0,0.79443359375,1837.0,2208.1,0x0,,,
1791005245.5927286,41.9,12.1,1700.0,0.79443359375,1837.5,2207.6,0x0,,,
1791005246.6054964,40.2,12.2,1700.0,0.79443359375,1835.5,2209.5,0x0,,,
1791005247.6243327,41.4,12.3,1700.0,0.79443359375,1834.8,2210.2,0x0,,,
1791005248.6372387,40.8,11.9,1700.0,0.73046875,1835.5,2209.6,0x0,,,
1791005249.6501145,41.4,11.3,1600.0,0.73046875,1836.8,2208.3,0x0,,,
1791005250.663344,41.4,9.4,1600.0,0.73046875,1837.3,2207.7,0x0,,,
1791005251.6767728,42.5,12.2,1700.0,0.73046875,1834.0,2211.0,0x0,,,
1791005252.6895125,40.8,11.1,1600.0,0.73046875,1832.2,2212.8,0x0,,,
1791005253.7028816,40.8,11.5,1600.0,0.671875,1834.0,2211.1,0x0,,,
1791005254.716131,41.4,11.4,1700.0,0.671875,1832.9,2212.2,0x0,,,
1791005255.7290804,40.8,10.4,1700.0,0.671875,1830.8,2214.3,0x0,,,
1791005256.7416472,39.7,11.1,1700.0,0.671875,1832.5,2212.5,0x0,,,
1791005257.7551837,41.9,11.0,1700.0,0.671875,1834.7,2210.3,0x0,,,
1791005258.768096,41.4,10.8,1700.0,0.6982421875,1837.4,2207.6,0x0,,,
1791005259.7810383,40.8,11.4,1600.0,0.6982421875,1835.1,2210.0,0x0,,,
1791005260.7988944,41.9,11.5,1600.0,0.6982421875,1837.7,2207.4,0x0,,,
1791005261.8135598,40.8,11.5,1600.0,0.6982421875,1833.1,2212.0,0x0,,,
1791005262.8271239,41.4,11.4,1700.0,0.6982421875,1835.2,2209.8,0x0,,,
1791005263.8404253,40.2,14.0,1600.0,0.64208984375,1833.5,2211.5,0x0,,,
1791005264.853916,41.4,12.2,1700.0,0.64208984375,1831.5,2213.6,0x0,,,
1791005265.867097,41.9,11.7,1700.0,0.64208984375,1831.6,2213.4,0x0,,,
1791005266.8804588,40.8,11.7,1700.0,0.64208984375,1828.9,2216.1,0x0,,,
1791005267.8949356,41.4,10.8,1700.0,0.64208984375,1829.0,2216.1,0x0,,,
1791005268.9075646,41.4,13.2,1600.0,0.9912109375,1828.7,2216.4,0x0,,,
1791005269.9211936,40.8,10.7,1600.0,0.9912109375,1829.7,2215.3,0x0,,,
1791005270.9365332,40.8,12.5,2400.0,0.9912109375,1828.7,2216.4,0x0,,,
1791005271.9460254,40.8,9.5,2400.0,0.9912109375,1833.6,2211.5,0x0,,,
1791005272.9553428,41.9,16.9,2400.0,0.9912109375,1851.4,2193.6,0x0,,,
1791005273.9650402,42.5,11.8,2400.0,1.15234375,1854.8,2190.2,0x0,,,
1791005274.9757771,41.9,9.8,2400.0,1.15234375,1841.5,2203.6,0x0,,,
1791005275.9868593,41.9,12.5,1700.0,1.15234375,1844.3,2200.8,0x0,,,
1791005277.0004883,40.2,12.1,1700.0,1.15234375,1853.0,2192.1,0x0,,,
1791005278.0139027,41.4,13.4,1700.0,1.15234375,1849.0,2196.0,0x0,,,
1791005279.026583,41.4,11.4,1600.0,1.06005859375,1846.3,2198.7,0x0,,,
1791005280.0448005,41.4,13.6,1600.0,1.06005859375,1846.9,2198.2,0x0,,,
1791005281.0579085,41.4,12.2,1700.0,1.06005859375,1842.3,2202.8,0x0,,,
1791005282.07066,40.2,13.0,1600.0,1.06005859375,1840.2,2204.9,0x0,,,
1791005283.084045,41.9,16.2,1700.0,1.06005859375,1839.2,2205.9,0x0,,,
1791005284.096986,41.9,14.4,1800.0,0.97509765625,1838.4,2206.6,0x0,,,
1791005285.112353,41.4,15.1,1600.0,0.97509765625,1838.4,2206.7,0x0,,,
1791005286.1253588,41.4,13.2,1700.0,0.97509765625,1840.8,2204.3,0x0,,,
1791005287.13846,40.2,12.6,1600.0,0.97509765625,1848.4,2196.7,0x0,,,
